45,45,45
45.0582,44.9952,45.0893
45.1142,44.993,45.1889
45.1693,44.9909,45.2905
45.2243,44.9886,45.3924
45.2792,44.9861,45.4943
45.334,44.9833,45.5962
45.3888,44.9803,45.6979
45.4437,44.977,45.7995
45.4985,44.9734,45.901
45.5534,44.9696,46.0023
45.6083,44.9656,46.1035
45.6632,44.9613,46.2045
45.7181,44.9567,46.3053
45.773,44.9519,46.406
45.828,44.9469,46.5064
45.883,44.9416,46.6067
45.9381,44.9361,46.7068
45.9932,44.9303,46.8067
46.0483,44.9243,46.9063
46.1035,44.9181,47.0058
46.1588,44.9117,47.105
46.2141,44.905,47.204
46.2694,44.8981,47.3028
46.3249,44.8909,47.4014
46.3804,44.8836,47.4997
46.436,44.876,47.5977
46.4916,44.8682,47.6956
46.5474,44.8602,47.7931
46.6032,44.852,47.8904
46.6592,44.8435,47.9875
46.7152,44.8349,48.0842
46.7714,44.826,48.1808
46.8276,44.817,48.277
46.884,44.8077,48.373
46.9404,44.7982,48.4687
46.997,44.7885,48.5641
47.0537,44.7787,48.6592
47.1106,44.7686,48.754
47.1676,44.7583,48.8486
47.2247,44.7478,48.9428
47.2819,44.7372,49.0368
47.3393,44.7263,49.1305
47.3969,44.7153,49.2238
47.4546,44.704,49.3169
47.5125,44.6926,49.4097
47.5705,44.681,49.5022
47.6287,44.6692,49.5944
47.6871,44.6572,49.6862
47.7456,44.6451,49.7778
47.8043,44.6327,49.8691
47.8633,44.6202,49.96
47.9224,44.6075,50.0507
47.9817,44.5947,50.141
48.0412,44.5816,50.2311
48.1009,44.5684,50.3208
48.1608,44.555,50.4102
48.2209,44.5415,50.4993
48.2812,44.5278,50.5881
48.3418,44.5139,50.6766
48.4025,44.4999,50.7648
48.4635,44.4857,50.8526
48.5248,44.4713,50.9402
48.5863,44.4568,51.0274
48.648,44.4421,51.1144
48.71,44.4273,51.201
48.7722,44.4123,51.2873
48.8347,44.3971,51.3733
48.8974,44.3818,51.459
48.9604,44.3664,51.5444
49.0237,44.3508,51.6295
49.0872,44.335,51.7143
49.151,44.3192,51.7988
49.2151,44.3031,51.8829
49.2795,44.2869,51.9668
49.3442,44.2706,52.0504
49.4092,44.2541,52.1336
49.4745,44.2375,52.2166
49.54,44.2208,52.2993
49.6059,44.2039,52.3816
49.6721,44.1869,52.4637
49.7387,44.1697,52.5454
49.8055,44.1524,52.6269
49.8727,44.135,52.7081
49.9402,44.1174,52.7889
50.008,44.0997,52.8695
50.0762,44.0819,52.9498
50.1447,44.0639,53.0298
50.2136,44.0459,53.1095
50.2828,44.0277,53.1889
50.3524,44.0093,53.268
50.4223,43.9909,53.3469
50.4926,43.9723,53.4254
50.5633,43.9536,53.5037
50.6344,43.9348,53.5817
50.7058,43.9159,53.6594
50.7776,43.8968,53.7368
50.8498,43.8776,53.8139
50.9224,43.8583,53.8908
50.9954,43.8389,53.9673
51.0689,43.8194,54.0436
51.1427,43.7998,54.1197
51.2169,43.78,54.1954
51.2915,43.7602,54.2709
51.3666,43.7402,54.3461
51.4421,43.7201,54.421
51.518,43.6999,54.4957
51.5944,43.6797,54.5701
51.6712,43.6593,54.6442
51.7484,43.6387,54.7181
51.8261,43.6181,54.7917
51.9042,43.5974,54.865
51.9828,43.5766,54.9381
52.0619,43.5557,55.0109
52.1414,43.5347,55.0835
52.2214,43.5135,55.1558
52.3019,43.4923,55.2278
52.3828,43.471,55.2996
52.4643,43.4496,55.3711
52.5462,43.4281,55.4424
52.6286,43.4065,55.5134
52.7116,43.3848,55.5842
52.795,43.363,55.6547
52.8789,43.3411,55.725
52.9634,43.3191,55.795
53.0484,43.297,55.8647
53.1338,43.2748,55.9343
53.2199,43.2526,56.0035
53.3064,43.2302,56.0726
53.3935,43.2078,56.1414
53.4811,43.1853,56.2099
53.5693,43.1627,56.2782
53.6581,43.14,56.3463
53.7474,43.1172,56.4141
53.8372,43.0943,56.4817
53.9276,43.0714,56.5491
54.0186,43.0483,56.6162
54.1102,43.0252,56.6831
54.2023,43.002,56.7497
54.2951,42.9787,56.8162
54.3884,42.9553,56.8824
54.4823,42.9319,56.9483
54.5768,42.9084,57.014
54.6719,42.8848,57.0796
54.7677,42.8611,57.1448
54.864,42.8373,57.2099
54.961,42.8135,57.2747
55.0586,42.7896,57.3393
55.1568,42.7656,57.4037
55.2556,42.7415,57.4678
55.3551,42.7174,57.5318
55.4553,42.6931,57.5955
55.5561,42.6688,57.659
55.6575,42.6445,57.7222
55.7596,42.62,57.7853
55.8624,42.5955,57.8481
55.9658,42.5709,57.9107
56.0699,42.5463,57.9731
56.1747,42.5216,58.0353
56.2802,42.4968,58.0973
56.3863,42.4719,58.1591
56.4932,42.447,58.2206
56.6007,42.422,58.282
56.709,42.3969,58.3431
56.8179,42.3718,58.404
56.9276,42.3466,58.4647
57.038,42.3213,58.5252
57.1491,42.296,58.5855
57.2609,42.2705,58.6456
57.3734,42.2451,58.7055
57.4867,42.2195,58.7652
57.6008,42.1939,58.8247
57.7155,42.1683,58.8839
57.8311,42.1426,58.943
57.9473,42.1168,59.0019
58.0644,42.0909,59.0605
58.1822,42.065,59.119
58.3007,42.039,59.1773
58.42,42.013,59.2354
58.5401,41.9869,59.2932
58.661,41.9607,59.3509
58.7827,41.9345,59.4084
58.9051,41.9082,59.4657
59.0283,41.8819,59.5228
59.1524,41.8555,59.5797
59.2772,41.829,59.6364
59.4028,41.8025,59.6929
59.5292,41.7759,59.7492
59.6564,41.7493,59.8053
59.7844,41.7226,59.8613
59.9133,41.6958,59.917
60.0429,41.669,59.9726
60.1734,41.6422,60.028
60.3046,41.6152,60.0832
60.4367,41.5883,60.1381
60.5696,41.5612,60.193
60.7034,41.5341,60.2476
60.8379,41.507,60.302
60.9733,41.4798,60.3563
61.1095,41.4526,60.4104
61.2466,41.4253,60.4642
61.3844,41.3979,60.5179
61.5231,41.3705,60.5715
61.6627,41.343,60.6248
61.803,41.3155,60.678
61.9442,41.2879,60.731
62.0862,41.2603,60.7838
62.229,41.2326,60.8364
62.3727,41.2049,60.8888
62.5172,41.1771,60.9411
62.6625,41.1493,60.9932
62.8086,41.1214,61.0451
62.9555,41.0935,61.0969
63.1033,41.0655,61.1484
63.2518,41.0375,61.1998
63.4012,41.0094,61.251
63.5514,40.9813,61.3021
63.7024,40.9531,61.3529
63.8541,40.9249,61.4036
64.0067,40.8966,61.4542
64.16,40.8683,61.5045
64.3141,40.8399,61.5547
64.469,40.8115,61.6047
64.6247,40.783,61.6546
64.7811,40.7545,61.7043
64.9383,40.726,61.7538
65.0962,40.6974,61.8031
65.2549,40.6687,61.8523
65.4143,40.64,61.9013
65.5744,40.6113,61.9502
65.7352,40.5825,61.9989
65.8967,40.5537,62.0474
66.0589,40.5248,62.0957
66.2218,40.4959,62.1439
66.3854,40.467,62.192
66.5496,40.438,62.2398
66.7145,40.4089,62.2876
66.88,40.3798,62.3351
67.0461,40.3507,62.3825
67.2128,40.3215,62.4297
67.3802,40.2923,62.4768
67.5481,40.2631,62.5237
67.7166,40.2338,62.5705
67.8856,40.2045,62.6171
68.0552,40.1751,62.6635
68.2253,40.1457,62.7098
68.3959,40.1163,62.7559
68.5669,40.0868,62.8019
68.7385,40.0573,62.8477
68.9105,40.0277,62.8934
69.083,39.9982,62.9389
69.2558,39.9685,62.9843
69.4291,39.9389,63.0295
69.6028,39.9092,63.0746
69.7768,39.8795,63.1195
69.9511,39.8497,63.1643
70.1258,39.8199,63.2089
70.3008,39.7901,63.2533
70.4761,39.7602,63.2977
70.6516,39.7303,63.3418
70.8273,39.7004,63.3858
71.0033,39.6704,63.4297
71.1795,39.6404,63.4734
71.3558,39.6104,63.517
71.5323,39.5803,63.5605
71.709,39.5503,63.6038
71.8857,39.5202,63.6469
72.0625,39.49,63.6899
72.2393,39.4599,63.7328
72.4162,39.4297,63.7755
72.5931,39.3994,63.8181
72.77,39.3692,63.8605
72.9468,39.3389,63.9028
73.1236,39.3086,63.945
73.3003,39.2783,63.987
73.4768,39.248,64.0289
73.6532,39.2176,64.0707
73.8295,39.1872,64.1123
74.0055,39.1568,64.1537
74.1814,39.1264,64.1951
74.357,39.0959,64.2363
74.5323,39.0654,64.2773
74.7074,39.0349,64.3182
74.8821,39.0044,64.359
75.0565,38.9739,64.3997
75.2305,38.9433,64.4402
75.4041,38.9128,64.4806
75.5773,38.8822,64.5209
75.7501,38.8516,64.561
75.9224,38.821,64.601
76.0942,38.7904,64.6409
76.2655,38.7597,64.6806
76.4363,38.7291,64.7202
76.6065,38.6984,64.7597
76.7761,38.6677,64.799
76.9452,38.637,64.8382
77.1136,38.6063,64.8773
77.2813,38.5756,64.9163
77.4484,38.5449,64.9551
77.6148,38.5142,64.9938
77.7805,38.4835,65.0324
77.9455,38.4528,65.0708
78.1097,38.422,65.1092
78.2732,38.3913,65.1474
78.4359,38.3605,65.1854
78.5978,38.3298,65.2234
78.7588,38.2991,65.2612
78.9191,38.2683,65.2989
79.0784,38.2376,65.3365
79.237,38.2068,65.374
79.3946,38.1761,65.4114
79.5514,38.1454,65.4486
79.7072,38.1147,65.4857
79.8622,38.084,65.5227
80.0162,38.0533,65.5596
80.1693,38.0226,65.5963
80.3215,37.9919,65.633
80.4728,37.9612,65.6695
80.6231,37.9306,65.7059
80.7725,37.8999,65.7422
80.921,37.8693,65.7784
81.0685,37.8387,65.8144
81.215,37.8081,65.8504
81.3607,37.7776,65.8862
81.5054,37.747,65.922
81.6492,37.7165,65.9576
81.7921,37.686,65.9931
81.9341,37.6555,66.0285
82.0752,37.6251,66.0638
82.2154,37.5947,66.099
82.3548,37.5643,66.134
82.4934,37.534,66.169
82.6311,37.5037,66.2039
82.768,37.4734,66.2386
82.9041,37.4432,66.2733
83.0394,37.413,66.3078
83.1741,37.3828,66.3422
83.308,37.3527,66.3766
83.4412,37.3226,66.4108
83.5737,37.2926,66.4449
83.7056,37.2626,66.479
83.8369,37.2327,66.5129
83.9676,37.2028,66.5467
84.0977,37.173,66.5805
84.2273,37.1432,66.6141
84.3564,37.1135,66.6476
84.4851,37.0838,66.681
84.6133,37.0542,66.7144
84.7411,37.0246,66.7476
84.8685,36.9952,66.7808
84.9956,36.9657,66.8138
85.1223,36.9364,66.8467
85.2488,36.9071,66.8796
85.3751,36.8778,66.9124
85.5011,36.8487,66.945
85.6269,36.8196,66.9776
85.7526,36.7905,67.0101
85.8781,36.7616,67.0425
86.0036,36.7327,67.0748
86.129,36.7039,67.107
86.2543,36.6752,67.1391
86.3797,36.6465,67.1711
86.5051,36.618,67.203
86.6305,36.5895,67.2349
86.756,36.5611,67.2666
86.8816,36.5328,67.2983
87.0073,36.5046,67.3299
87.1332,36.4764,67.3614
87.2592,36.4484,67.3927
87.3855,36.4204,67.4241
87.5119,36.3925,67.4553
87.6386,36.3648,67.4864
87.7656,36.3371,67.5175
87.8928,36.3095,67.5484
88.0204,36.282,67.5793
88.1482,36.2546,67.6101
88.2764,36.2274,67.6408
88.4049,36.2002,67.6714
88.5338,36.1731,67.702
88.663,36.1461,67.7324
88.7926,36.1193,67.7628
88.9226,36.0925,67.7931
89.0529,36.0659,67.8233
89.1837,36.0393,67.8534
89.3148,36.0129,67.8835
89.4464,35.9866,67.9134
89.5784,35.9604,67.9433
89.7108,35.9343,67.9731
89.8436,35.9083,68.0028
89.9768,35.8825,68.0324
90.1105,35.8568,68.062
90.2445,35.8312,68.0915
90.379,35.8057,68.1208
90.5139,35.7803,68.1502
90.6492,35.7551,68.1794
90.7849,35.73,68.2085
90.921,35.7051,68.2376
91.0576,35.6802,68.2666
91.1945,35.6555,68.2955
91.3318,35.631,68.3243
91.4695,35.6065,68.3531
91.6076,35.5822,68.3818
91.7461,35.5581,68.4104
91.8849,35.534,68.4389
92.0241,35.5102,68.4674
92.1637,35.4864,68.4958
92.3036,35.4628,68.524
92.4438,35.4394,68.5523
92.5843,35.4161,68.5804
92.7252,35.3929,68.6085
92.8664,35.3699,68.6365
93.0078,35.347,68.6644
93.1496,35.3243,68.6922
93.2916,35.3018,68.72
93.4339,35.2794,68.7477
93.5764,35.2571,68.7753
93.7191,35.2351,68.8029
93.8621,35.2131,68.8303
94.0053,35.1914,68.8577
94.1488,35.1698,68.8851
94.2923,35.1483,68.9123
94.4361,35.1271,68.9395
94.5801,35.1059,68.9666
94.7242,35.085,68.9936
94.8684,35.0642,69.0206
95.0128,35.0436,69.0475
95.1573,35.0232,69.0743
95.3019,35.0029,69.1011
95.4467,34.9828,69.1278
95.5915,34.9629,69.1544
95.7363,34.9432,69.1809
95.8813,34.9236,69.2074
96.0263,34.9043,69.2338
96.1713,34.8851,69.2601
96.3164,34.866,69.2864
96.4614,34.8472,69.3125
96.6065,34.8286,69.3387
96.7516,34.8101,69.3647
96.8966,34.7918,69.3907
97.0416,34.7738,69.4166
97.1865,34.7559,69.4425
97.3314,34.7382,69.4682
97.4761,34.7207,69.494
97.6208,34.7034,69.5196
97.7654,34.6862,69.5452
97.9098,34.6693,69.5707
98.0541,34.6526,69.5961
98.1983,34.6361,69.6215
98.3423,34.6198,69.6468
98.4861,34.6037,69.6721
98.6297,34.5878,69.6973
98.7732,34.572,69.7224
98.9164,34.5566,69.7474
99.0594,34.5413,69.7724
99.2021,34.5262,69.7973
99.3446,34.5113,69.8222
99.4868,34.4967,69.847
99.6287,34.4822,69.8717
99.7704,34.468,69.8964
99.9117,34.454,69.921
100.053,34.4402,69.9455
100.193,34.4266,69.97
100.334,34.4133,69.9944
100.474,34.4002,70.0188
100.613,34.3873,70.0431
100.753,34.3746,70.0673
100.892,34.3621,70.0915
101.03,34.3499,70.1156
101.168,34.3379,70.1396
101.306,34.3261,70.1636
101.443,34.3146,70.1876
101.58,34.3033,70.2114
101.716,34.2922,70.2352
101.852,34.2814,70.259
101.987,34.2708,70.2827
102.122,34.2605,70.3063
102.256,34.2504,70.3298
102.39,34.2405,70.3534
102.523,34.2309,70.3768
102.656,34.2215,70.4002
102.788,34.2123,70.4235
102.92,34.2035,70.4468
103.051,34.1948,70.47
103.181,34.1864,70.4932
103.311,34.1783,70.5163
103.441,34.1704,70.5394
103.57,34.1628,70.5623
103.698,34.1554,70.5853
103.825,34.1483,70.6082
103.952,34.1415,70.631
104.079,34.1349,70.6537
104.205,34.1285,70.6765
104.33,34.1225,70.6991
104.454,34.1167,70.7217
104.578,34.1111,70.7443
104.701,34.1059,70.7667
104.823,34.1009,70.7892
104.945,34.0962,70.8116
105.066,34.0917,70.8339
105.187,34.0875,70.8562
105.306,34.0836,70.8784
105.425,34.08,70.9006
105.544,34.0767,70.9227
105.661,34.0736,70.9447
105.778,34.0708,70.9667
105.894,34.0683,70.9887
106.01,34.0661,71.0106
106.124,34.0642,71.0325
106.238,34.0626,71.0543
106.351,34.0612,71.076
106.464,34.0602,71.0977
106.576,34.0594,71.1194
106.687,34.0589,71.141
106.797,34.0588,71.1625
106.906,34.0589,71.184
107.015,34.0593,71.2055
107.123,34.0601,71.2269
107.23,34.0611,71.2482
107.336,34.0624,71.2695
107.441,34.0641,71.2908
107.546,34.066,71.312
107.65,34.0683,71.3331
107.753,34.0709,71.3542
107.855,34.0737,71.3753
107.957,34.0769,71.3963
108.058,34.0805,71.4173
108.158,34.0843,71.4382
108.257,34.0884,71.4591
108.355,34.0929,71.4799
108.452,34.0977,71.5007
108.549,34.1028,71.5214
108.645,34.1082,71.5421
108.74,34.114,71.5627
108.834,34.1201,71.5833
108.928,34.1265,71.6038
109.021,34.1333,71.6243
109.112,34.1404,71.6448
109.204,34.1478,71.6652
109.294,34.1556,71.6856
109.383,34.1637,71.7059
109.472,34.1721,71.7262
109.56,34.1809,71.7464
109.647,34.19,71.7666
109.733,34.1995,71.7867
109.818,34.2093,71.8068
109.903,34.2195,71.8269
109.987,34.23,71.8469
110.07,34.2409,71.8669
110.152,34.2521,71.8868
110.234,34.2637,71.9067
110.314,34.2756,71.9266
110.394,34.2879,71.9464
110.473,34.3005,71.9661
110.551,34.3135,71.9859
110.629,34.3269,72.0055
110.705,34.3406,72.0252
110.781,34.3547,72.0448
110.856,34.3691,72.0643
110.931,34.3839,72.0839
111.004,34.3991,72.1033
111.077,34.4147,72.1228
111.149,34.4306,72.1422
111.22,34.4469,72.1616
111.291,34.4635,72.1809
111.361,34.4806,72.2002
111.43,34.498,72.2194
111.498,34.5158,72.2386
111.565,34.5339,72.2578
111.632,34.5525,72.2769
111.698,34.5714,72.296
111.763,34.5907,72.3151
111.828,34.6103,72.3341
111.891,34.6304,72.3531
111.954,34.6508,72.372
112.017,34.6717,72.3909
112.078,34.6929,72.4098
112.139,34.7145,72.4286
112.199,34.7364,72.4475
112.259,34.7588,72.4662
112.317,34.7815,72.485
112.375,34.8047,72.5037
112.433,34.8282,72.5223
112.489,34.8521,72.5409
112.545,34.8764,72.5595
112.6,34.9011,72.5781
112.655,34.9262,72.5966
112.709,34.9516,72.6151
112.762,34.9775,72.6336
112.815,35.0037,72.652
112.866,35.0304,72.6704
112.918,35.0574,72.6887
112.968,35.0849,72.707
113.018,35.1127,72.7253
113.068,35.141,72.7436
113.116,35.1696,72.7618
113.164,35.1986,72.78
113.212,35.228,72.7982
113.259,35.2578,72.8163
113.305,35.2881,72.8344
113.351,35.3187,72.8524
113.396,35.3497,72.8705
113.44,35.3811,72.8885
113.484,35.4129,72.9064
113.527,35.4451,72.9244
113.57,35.4776,72.9423
113.612,35.5106,72.9601
113.653,35.544,72.978
113.694,35.5778,72.9958
113.734,35.6119,73.0136
113.774,35.6465,73.0313
113.813,35.6815,73.0491
113.852,35.7168,73.0668
113.89,35.7526,73.0844
113.928,35.7887,73.1021
113.965,35.8252,73.1197
114.002,35.8621,73.1372
114.038,35.8994,73.1548
114.073,35.9371,73.1723
114.108,35.9752,73.1898
114.143,36.0136,73.2073
114.176,36.0525,73.2247
114.21,36.0917,73.2421
114.243,36.1313,73.2595
114.275,36.1713,73.2768
114.307,36.2117,73.2942
114.339,36.2525,73.3114
114.37,36.2936,73.3287
114.401,36.3352,73.346
114.431,36.3771,73.3632
114.46,36.4193,73.3804
114.49,36.462,73.3975
114.518,36.505,73.4146
114.547,36.5484,73.4317
114.575,36.5921,73.4488
114.602,36.6363,73.4659
114.629,36.6807,73.4829
114.656,36.7256,73.4999
114.682,36.7708,73.5169
114.708,36.8164,73.5338
114.733,36.8623,73.5507
114.758,36.9086,73.5676
114.782,36.9553,73.5845
114.806,37.0023,73.6013
114.83,37.0497,73.6182
114.854,37.0974,73.635
114.877,37.1455,73.6517
114.899,37.1939,73.6685
114.921,37.2426,73.6852
114.943,37.2917,73.7019
114.965,37.3412,73.7185
114.986,37.391,73.7352
115.007,37.4411,73.7518
115.027,37.4916,73.7684
115.047,37.5424,73.785
115.067,37.5935,73.8015
115.086,37.645,73.818
115.105,37.6967,73.8345
115.124,37.7489,73.851
115.142,37.8013,73.8674
115.16,37.8541,73.8839
115.178,37.9071,73.9003
115.196,37.9605,73.9166
115.213,38.0142,73.933
115.23,38.0682,73.9493
115.246,38.1226,73.9656
115.262,38.1772,73.9819
115.278,38.2321,73.9982
115.294,38.2874,74.0144
115.309,38.3429,74.0306
115.324,38.3987,74.0468
115.339,38.4548,74.0629
115.353,38.5112,74.0791
115.368,38.5679,74.0952
115.382,38.6249,74.1113
115.395,38.6822,74.1274
115.409,38.7397,74.1434
115.422,38.7975,74.1594
115.435,38.8556,74.1754
115.448,38.9139,74.1914
115.46,38.9725,74.2074
115.472,39.0314,74.2233
115.484,39.0906,74.2392
115.496,39.15,74.2551
115.507,39.2096,74.271
115.518,39.2695,74.2868
115.529,39.3296,74.3026
115.54,39.39,74.3184
115.551,39.4507,74.3342
115.561,39.5115,74.35
115.571,39.5726,74.3657
115.581,39.634,74.3814
115.591,39.6955,74.3971
115.6,39.7573,74.4128
115.609,39.8193,74.4284
115.618,39.8816,74.444
115.627,39.944,74.4596
115.636,40.0067,74.4752
115.644,40.0696,74.4908
115.653,40.1327,74.5063
115.661,40.1959,74.5218
115.669,40.2594,74.5373
115.676,40.3231,74.5528
115.684,40.387,74.5683
115.691,40.4511,74.5837
115.698,40.5153,74.5991
115.705,40.5798,74.6145
115.712,40.6444,74.6299
115.719,40.7092,74.6452
115.726,40.7742,74.6605
115.732,40.8393,74.6758
115.738,40.9047,74.6911
115.744,40.9702,74.7064
115.75,41.0358,74.7216
115.756,41.1016,74.7368
115.761,41.1676,74.752
115.767,41.2337,74.7672
115.772,41.3,74.7824
115.777,41.3664,74.7975
115.782,41.433,74.8126
115.787,41.4997,74.8277
115.792,41.5666,74.8428
115.796,41.6336,74.8579
115.801,41.7007,74.8729
115.805,41.768,74.8879
115.809,41.8354,74.9029
115.813,41.9029,74.9179
115.817,41.9705,74.9328
115.821,42.0383,74.9478
115.825,42.1062,74.9627
115.828,42.1742,74.9776
115.832,42.2423,74.9925
115.835,42.3105,75.0073
115.838,42.3788,75.0222
115.841,42.4472,75.037
115.844,42.5158,75.0518
115.847,42.5844,75.0665
115.85,42.6531,75.0813
115.853,42.7219,75.096
115.855,42.7908,75.1107
115.858,42.8598,75.1254
115.86,42.9288,75.1401
115.863,42.998,75.1548
115.865,43.0672,75.1694
115.867,43.1365,75.184
115.869,43.2059,75.1986
115.871,43.2753,75.2132
115.873,43.3448,75.2278
115.874,43.4144,75.2423
115.876,43.484,75.2568
115.878,43.5537,75.2713
115.879,43.6235,75.2858
115.881,43.6933,75.3003
115.882,43.7631,75.3147
115.883,43.833,75.3292
115.884,43.903,75.3436
115.885,43.973,75.358
115.886,44.043,75.3723
115.887,44.1131,75.3867
115.888,44.1832,75.401
115.889,44.2533,75.4154
115.89,44.3235,75.4296
115.89,44.3937,75.4439
115.891,44.4639,75.4582
115.892,44.5341,75.4724
115.892,44.6044,75.4866
115.892,44.6747,75.5008
115.893,44.745,75.515
115.893,44.8153,75.5292
115.893,44.8856,75.5434
115.894,44.9559,75.5575
115.894,45.0263,75.5716
115.894,45.0966,75.5857
115.894,45.167,75.5998
115.894,45.2373,75.6138
115.894,45.3077,75.6279
115.893,45.378,75.6419
115.893,45.4484,75.6559
115.893,45.5187,75.6699
115.893,45.589,75.6839
115.892,45.6594,75.6978
115.892,45.7297,75.7117
115.892,45.8,75.7257
115.891,45.8702,75.7396
115.891,45.9405,75.7534
115.89,46.0107,75.7673
115.889,46.0809,75.7811
115.889,46.1511,75.795
115.888,46.2213,75.8088
115.887,46.2914,75.8226
115.887,46.3615,75.8363
115.886,46.4316,75.8501
115.885,46.5016,75.8638
115.884,46.5716,75.8776
115.883,46.6416,75.8913
115.882,46.7115,75.905
115.881,46.7814,75.9186
115.88,46.8512,75.9323
115.879,46.921,75.9459
115.878,46.9908,75.9595
115.877,47.0605,75.9731
115.876,47.1301,75.9867
115.875,47.1998,76.0003
115.874,47.2693,76.0138
115.872,47.3388,76.0274
115.871,47.4083,76.0409
115.87,47.4777,76.0544
115.869,47.547,76.0679
115.867,47.6163,76.0813
115.866,47.6855,76.0948
115.865,47.7546,76.1082
115.863,47.8237,76.1216
115.862,47.8928,76.135
115.861,47.9617,76.1484
115.859,48.0306,76.1618
115.858,48.0994,76.1751
115.856,48.1682,76.1885
115.855,48.2369,76.2018
115.853,48.3055,76.2151
115.852,48.374,76.2283
115.85,48.4425,76.2416
115.849,48.5109,76.2549
115.847,48.5792,76.2681
115.846,48.6474,76.2813
115.844,48.7156,76.2945
115.843,48.7837,76.3077
115.841,48.8517,76.3209
115.84,48.9196,76.334
115.838,48.9874,76.3471
115.836,49.0551,76.3603
115.835,49.1228,76.3734
115.833,49.1904,76.3864
115.831,49.2578,76.3995
115.83,49.3252,76.4126
115.828,49.3925,76.4256
115.826,49.4597,76.4386
115.825,49.5268,76.4516
115.823,49.5939,76.4646
115.821,49.6608,76.4776
115.82,49.7276,76.4905
115.818,49.7944,76.5035
115.816,49.861,76.5164
115.815,49.9275,76.5293
115.813,49.994,76.5422
115.811,50.0603,76.555
115.809,50.1265,76.5679
115.808,50.1927,76.5807
115.806,50.2587,76.5936
115.804,50.3246,76.6064
115.803,50.3904,76.6192
115.801,50.4561,76.6319
115.799,50.5217,76.6447
115.797,50.5872,76.6574
115.796,50.6526,76.6702
115.794,50.7179,76.6829
115.792,50.783,76.6956
115.79,50.8481,76.7082
115.789,50.913,76.7209
115.787,50.9778,76.7336
115.785,51.0425,76.7462
115.784,51.1071,76.7588
115.782,51.1716,76.7714
115.78,51.236,76.784
115.779,51.3002,76.7965
115.777,51.3643,76.8091
115.775,51.4283,76.8216
115.773,51.4922,76.8342
115.772,51.556,76.8467
115.77,51.6196,76.8591
115.768,51.6831,76.8716
115.767,51.7465,76.8841
115.765,51.8098,76.8965
115.763,51.8729,76.9089
115.762,51.9359,76.9213
115.76,51.9988,76.9337
115.759,52.0616,76.9461
115.757,52.1242,76.9585
115.755,52.1867,76.9708
115.754,52.2491,76.9831
115.752,52.3113,76.9955
115.75,52.3734,77.0078
115.749,52.4354,77.02
115.747,52.4972,77.0323
115.746,52.5589,77.0446
115.744,52.6205,77.0568
115.743,52.682,77.069
115.741,52.7433,77.0812
115.74,52.8045,77.0934
115.738,52.8655,77.1056
115.737,52.9264,77.1177
115.735,52.9872,77.1299
115.734,53.0478,77.142
115.732,53.1083,77.1541
115.731,53.1686,77.1662
115.729,53.2288,77.1783
115.728,53.2889,77.1903
115.726,53.3488,77.2024
115.725,53.4086,77.2144
115.723,53.4683,77.2264
115.722,53.5278,77.2384
115.721,53.5871,77.2504
115.719,53.6464,77.2624
115.718,53.7054,77.2743
115.717,53.7644,77.2863
115.715,53.8232,77.2982
115.714,53.8818,77.3101
115.713,53.9403,77.322
115.711,53.9987,77.3339
115.71,54.0569,77.3457
115.709,54.1149,77.3576
115.708,54.1728,77.3694
115.706,54.2306,77.3812
115.705,54.2882,77.393
115.704,54.3457,77.4048
115.703,54.403,77.4165
115.702,54.4602,77.4283
115.7,54.5172,77.44
115.699,54.5741,77.4518
115.698,54.6308,77.4635
115.697,54.6873,77.4751
115.696,54.7438,77.4868
115.695,54.8,77.4985
115.694,54.8561,77.5101
115.693,54.9121,77.5217
115.692,54.9679,77.5334
115.691,55.0236,77.5449
115.69,55.0791,77.5565
115.689,55.1344,77.5681
115.688,55.1896,77.5796
115.687,55.2446,77.5912
115.686,55.2995,77.6027
115.685,55.3543,77.6142
115.684,55.4088,77.6257
115.683,55.4632,77.6372
115.682,55.5175,77.6486
115.681,55.5716,77.66
115.68,55.6256,77.6715
115.68,55.6793,77.6829
115.679,55.733,77.6943
115.678,55.7865,77.7057
115.677,55.8398,77.717
115.676,55.8929,77.7284
115.676,55.9459,77.7397
115.675,55.9988,77.751
115.674,56.0515,77.7623
115.674,56.104,77.7736
115.673,56.1564,77.7849
115.672,56.2086,77.7961
115.672,56.2606,77.8074
115.671,56.3125,77.8186
115.67,56.3643,77.8298
115.67,56.4158,77.841
115.669,56.4672,77.8522
115.669,56.5185,77.8634
115.668,56.5696,77.8745
115.668,56.6205,77.8857
115.667,56.6713,77.8968
115.667,56.7219,77.9079
115.666,56.7723,77.919
115.666,56.8226,77.93
115.665,56.8727,77.9411
115.665,56.9227,77.9521
115.664,56.9725,77.9632
115.664,57.0222,77.9742
115.664,57.0716,77.9852
115.663,57.1209,77.9962
115.663,57.1701,78.0071
115.663,57.2191,78.0181
115.663,57.2679,78.029
115.662,57.3166,78.0399
115.662,57.3651,78.0508
115.662,57.4135,78.0617
115.662,57.4616,78.0726
115.661,57.5097,78.0835
115.661,57.5575,78.0943
115.661,57.6052,78.1052
115.661,57.6528,78.116
115.661,57.7001,78.1268
115.661,57.7473,78.1376
115.661,57.7944,78.1483
115.661,57.8413,78.1591
115.661,57.888,78.1698
115.661,57.9346,78.1806
115.661,57.981,78.1913
115.661,58.0272,78.202
115.661,58.0733,78.2127
115.661,58.1192,78.2233
115.661,58.165,78.234
115.661,58.2106,78.2446
115.661,58.256,78.2552
115.661,58.3013,78.2659
115.661,58.3464,78.2764
115.661,58.3913,78.287
115.662,58.4361,78.2976
115.662,58.4808,78.3081
115.662,58.5252,78.3187
115.662,58.5695,78.3292
115.662,58.6137,78.3397
115.663,58.6577,78.3502
115.663,58.7015,78.3607
115.663,58.7451,78.3711
115.664,58.7887,78.3816
