0,110,110,110
0.001,110.024,109.96,109.941
0.002,110.055,109.917,109.875
0.003,110.087,109.874,109.808
0.004,110.119,109.831,109.742
0.005,110.151,109.788,109.676
0.006,110.182,109.745,109.611
0.007,110.213,109.702,109.546
0.008,110.244,109.659,109.481
0.009,110.275,109.616,109.417
0.01,110.306,109.573,109.353
0.011,110.336,109.53,109.29
0.012,110.366,109.487,109.227
0.013,110.396,109.443,109.164
0.014,110.426,109.4,109.102
0.015,110.455,109.357,109.04
0.016,110.484,109.314,108.978
0.017,110.513,109.271,108.917
0.018,110.542,109.228,108.856
0.019,110.57,109.185,108.796
0.02,110.598,109.142,108.736
0.021,110.626,109.099,108.676
0.022,110.654,109.056,108.617
0.023,110.681,109.014,108.558
0.024,110.708,108.971,108.499
0.025,110.735,108.928,108.441
0.026,110.762,108.885,108.383
0.027,110.788,108.843,108.326
0.028,110.814,108.8,108.269
0.029,110.84,108.757,108.212
0.03,110.866,108.715,108.156
0.031,110.891,108.672,108.1
0.032,110.917,108.63,108.044
0.033,110.941,108.588,107.989
0.034,110.966,108.545,107.934
0.035,110.991,108.503,107.88
0.036,111.015,108.461,107.826
0.037,111.039,108.419,107.772
0.038,111.062,108.377,107.719
0.039,111.086,108.335,107.666
0.04,111.109,108.293,107.613
0.041,111.132,108.251,107.561
0.042,111.154,108.209,107.509
0.043,111.177,108.168,107.457
0.044,111.199,108.126,107.406
0.045,111.221,108.085,107.355
0.046,111.242,108.043,107.304
0.047,111.264,108.002,107.254
0.048,111.285,107.961,107.204
0.049,111.306,107.92,107.155
0.05,111.326,107.879,107.106
0.051,111.347,107.838,107.057
0.052,111.367,107.797,107.008
0.053,111.387,107.756,106.96
0.054,111.406,107.716,106.912
0.055,111.426,107.675,106.865
0.056,111.445,107.635,106.818
0.057,111.464,107.595,106.771
0.058,111.483,107.554,106.724
0.059,111.501,107.514,106.678
0.06,111.519,107.475,106.632
0.061,111.537,107.435,106.587
0.062,111.555,107.395,106.542
0.063,111.572,107.355,106.497
0.064,111.589,107.316,106.452
0.065,111.606,107.277,106.408
0.066,111.623,107.237,106.364
0.067,111.639,107.198,106.32
0.068,111.656,107.159,106.277
0.069,111.672,107.12,106.234
0.07,111.687,107.082,106.191
0.071,111.703,107.043,106.149
0.072,111.718,107.005,106.107
0.073,111.733,106.966,106.065
0.074,111.748,106.928,106.024
0.075,111.763,106.89,105.982
0.076,111.777,106.852,105.941
0.077,111.791,106.814,105.901
0.078,111.805,106.777,105.861
0.079,111.819,106.739,105.821
0.08,111.832,106.702,105.781
0.081,111.846,106.664,105.741
0.082,111.859,106.627,105.702
0.083,111.871,106.59,105.663
0.084,111.884,106.553,105.625
0.085,111.896,106.516,105.586
0.086,111.908,106.48,105.548
0.087,111.92,106.443,105.511
0.088,111.932,106.407,105.473
0.089,111.944,106.371,105.436
0.09,111.955,106.335,105.399
0.091,111.966,106.299,105.362
0.092,111.977,106.263,105.326
0.093,111.987,106.228,105.29
0.094,111.998,106.192,105.254
0.095,112.008,106.157,105.218
0.096,112.018,106.121,105.183
0.097,112.028,106.086,105.148
0.098,112.037,106.051,105.113
0.099,112.047,106.017,105.078
0.1,112.056,105.982,105.044
0.101,112.065,105.948,105.009
0.102,112.074,105.913,104.976
0.103,112.082,105.879,104.942
0.104,112.09,105.845,104.908
0.105,112.099,105.811,104.875
0.106,112.107,105.777,104.842
0.107,112.114,105.744,104.81
0.108,112.122,105.71,104.777
0.109,112.129,105.677,104.745
0.11,112.137,105.643,104.713
0.111,112.144,105.61,104.681
0.112,112.15,105.577,104.649
0.113,112.157,105.545,104.618
0.114,112.164,105.512,104.587
0.115,112.17,105.479,104.556
0.116,112.176,105.447,104.525
0.117,112.182,105.415,104.495
0.118,112.188,105.383,104.465
0.119,112.193,105.351,104.435
0.12,112.198,105.319,104.405
0.121,112.204,105.287,104.375
0.122,112.209,105.256,104.346
0.123,112.214,105.224,104.317
0.124,112.218,105.193,104.288
0.125,112.223,105.162,104.259
0.126,112.227,105.131,104.23
0.127,112.231,105.1,104.202
0.128,112.235,105.069,104.173
0.129,112.239,105.039,104.145
0.13,112.243,105.008,104.118
0.131,112.246,104.978,104.09
0.132,112.25,104.948,104.063
0.133,112.253,104.918,104.035
0.134,112.256,104.888,104.008
0.135,112.259,104.858,103.981
0.136,112.261,104.829,103.955
0.137,112.264,104.799,103.928
0.138,112.266,104.77,103.902
0.139,112.268,104.741,103.876
0.14,112.27,104.712,103.85
0.141,112.272,104.683,103.824
0.142,112.274,104.654,103.798
0.143,112.276,104.625,103.773
0.144,112.277,104.596,103.747
0.145,112.279,104.568,103.722
0.146,112.28,104.54,103.697
0.147,112.281,104.512,103.672
0.148,112.282,104.483,103.648
0.149,112.282,104.456,103.623
0.15,112.283,104.428,103.599
0.151,112.283,104.4,103.575
0.152,112.284,104.373,103.551
0.153,112.284,104.345,103.527
0.154,112.284,104.318,103.503
0.155,112.284,104.291,103.48
0.156,112.284,104.264,103.456
0.157,112.283,104.237,103.433
0.158,112.283,104.21,103.41
0.159,112.282,104.183,103.387
0.16,112.281,104.157,103.364
0.161,112.281,104.13,103.342
0.162,112.279,104.104,103.319
0.163,112.278,104.078,103.297
0.164,112.277,104.052,103.275
0.165,112.276,104.026,103.253
0.166,112.274,104,103.231
0.167,112.273,103.974,103.209
0.168,112.271,103.948,103.187
0.169,112.269,103.923,103.166
0.17,112.267,103.898,103.144
0.171,112.265,103.872,103.123
0.172,112.262,103.847,103.102
0.173,112.26,103.822,103.081
0.174,112.258,103.797,103.06
0.175,112.255,103.772,103.039
0.176,112.252,103.748,103.019
0.177,112.249,103.723,102.998
0.178,112.247,103.699,102.978
0.179,112.243,103.674,102.957
0.18,112.24,103.65,102.937
0.181,112.237,103.626,102.917
0.182,112.234,103.602,102.897
0.183,112.23,103.578,102.878
0.184,112.227,103.554,102.858
0.185,112.223,103.53,102.838
0.186,112.219,103.507,102.819
0.187,112.215,103.483,102.8
0.188,112.211,103.46,102.781
0.189,112.207,103.436,102.761
0.19,112.203,103.413,102.742
0.191,112.198,103.39,102.724
0.192,112.194,103.367,102.705
0.193,112.189,103.344,102.686
0.194,112.185,103.321,102.668
0.195,112.18,103.299,102.649
0.196,112.175,103.276,102.631
0.197,112.17,103.253,102.613
0.198,112.165,103.231,102.594
0.199,112.16,103.209,102.576
0.2,112.155,103.187,102.558
0.201,112.15,103.164,102.541
0.202,112.144,103.142,102.523
0.203,112.139,103.12,102.505
0.204,112.133,103.099,102.488
0.205,112.128,103.077,102.47
0.206,112.122,103.055,102.453
0.207,112.116,103.034,102.436
0.208,112.11,103.012,102.418
0.209,112.104,102.991,102.401
0.21,112.098,102.97,102.384
0.211,112.092,102.948,102.367
0.212,112.086,102.927,102.351
0.213,112.079,102.906,102.334
0.214,112.073,102.885,102.317
0.215,112.066,102.865,102.301
0.216,112.06,102.844,102.284
0.217,112.053,102.823,102.268
0.218,112.047,102.803,102.252
0.219,112.04,102.782,102.235
0.22,112.033,102.762,102.219
0.221,112.026,102.742,102.203
0.222,112.019,102.721,102.187
0.223,112.012,102.701,102.171
0.224,112.004,102.681,102.156
0.225,111.997,102.661,102.14
0.226,111.99,102.641,102.124
0.227,111.982,102.622,102.109
0.228,111.975,102.602,102.093
0.229,111.967,102.582,102.078
0.23,111.96,102.563,102.062
0.231,111.952,102.543,102.047
0.232,111.944,102.524,102.032
0.233,111.936,102.504,102.017
0.234,111.928,102.485,102.002
0.235,111.92,102.466,101.987
0.236,111.912,102.447,101.972
0.237,111.904,102.428,101.957
0.238,111.896,102.409,101.942
0.239,111.888,102.39,101.928
0.24,111.879,102.371,101.913
0.241,111.871,102.353,101.898
0.242,111.863,102.334,101.884
0.243,111.854,102.316,101.87
0.244,111.846,102.297,101.855
0.245,111.837,102.279,101.841
0.246,111.828,102.26,101.827
0.247,111.819,102.242,101.813
0.248,111.811,102.224,101.798
0.249,111.802,102.206,101.784
0.25,111.793,102.188,101.77
0.251,111.784,102.17,101.757
0.252,111.775,102.152,101.743
0.253,111.766,102.134,101.729
0.254,111.756,102.116,101.715
0.255,111.747,102.099,101.701
0.256,111.738,102.081,101.688
0.257,111.729,102.063,101.674
0.258,111.719,102.046,101.661
0.259,111.71,102.029,101.647
0.26,111.7,102.011,101.634
0.261,111.691,101.994,101.621
0.262,111.681,101.977,101.607
0.263,111.671,101.96,101.594
0.264,111.662,101.943,101.581
0.265,111.652,101.926,101.568
0.266,111.642,101.909,101.555
0.267,111.632,101.892,101.542
0.268,111.622,101.875,101.529
0.269,111.612,101.858,101.516
0.27,111.602,101.841,101.503
0.271,111.592,101.825,101.491
0.272,111.582,101.808,101.478
0.273,111.572,101.792,101.465
0.274,111.562,101.775,101.453
0.275,111.552,101.759,101.44
0.276,111.541,101.743,101.427
0.277,111.531,101.726,101.415
0.278,111.521,101.71,101.403
0.279,111.51,101.694,101.39
0.28,111.5,101.678,101.378
0.281,111.489,101.662,101.366
0.282,111.479,101.646,101.353
0.283,111.468,101.63,101.341
0.284,111.458,101.614,101.329
0.285,111.447,101.598,101.317
0.286,111.436,101.583,101.305
0.287,111.425,101.567,101.293
0.288,111.415,101.551,101.281
0.289,111.404,101.536,101.269
0.29,111.393,101.52,101.257
0.291,111.382,101.505,101.245
0.292,111.371,101.49,101.234
0.293,111.36,101.474,101.222
0.294,111.349,101.459,101.21
0.295,111.338,101.444,101.199
0.296,111.327,101.429,101.187
0.297,111.316,101.413,101.175
0.298,111.304,101.398,101.164
0.299,111.293,101.383,101.152
0.3,111.282,101.368,101.141
0.301,111.271,101.354,101.13
0.302,111.259,101.339,101.118
0.303,111.248,101.324,101.107
0.304,111.237,101.309,101.096
0.305,111.225,101.294,101.085
0.306,111.214,101.28,101.073
0.307,111.202,101.265,101.062
0.308,111.191,101.251,101.051
0.309,111.179,101.236,101.04
0.31,111.168,101.222,101.029
0.311,111.156,101.207,101.018
0.312,111.144,101.193,101.007
0.313,111.133,101.179,100.996
0.314,111.121,101.165,100.985
0.315,111.109,101.15,100.974
0.316,111.098,101.136,100.964
0.317,111.086,101.122,100.953
0.318,111.074,101.108,100.942
0.319,111.062,101.094,100.931
0.32,111.05,101.08,100.921
0.321,111.038,101.066,100.91
0.322,111.026,101.052,100.899
0.323,111.014,101.039,100.889
0.324,111.002,101.025,100.878
0.325,110.99,101.011,100.868
0.326,110.978,100.998,100.857
0.327,110.966,100.984,100.847
0.328,110.954,100.97,100.837
0.329,110.942,100.957,100.826
0.33,110.93,100.943,100.816
0.331,110.918,100.93,100.806
0.332,110.906,100.916,100.795
0.333,110.893,100.903,100.785
0.334,110.881,100.89,100.775
0.335,110.869,100.877,100.765
0.336,110.857,100.863,100.755
0.337,110.844,100.85,100.744
0.338,110.832,100.837,100.734
0.339,110.82,100.824,100.724
0.34,110.807,100.811,100.714
0.341,110.795,100.798,100.704
0.342,110.782,100.785,100.694
0.343,110.77,100.772,100.685
0.344,110.758,100.759,100.675
0.345,110.745,100.746,100.665
0.346,110.733,100.734,100.655
0.347,110.72,100.721,100.645
0.348,110.707,100.708,100.635
0.349,110.695,100.695,100.626
0.35,110.682,100.683,100.616
0.351,110.67,100.67,100.606
0.352,110.657,100.658,100.597
0.353,110.644,100.645,100.587
0.354,110.632,100.633,100.577
0.355,110.619,100.62,100.568
0.356,110.606,100.608,100.558
0.357,110.594,100.595,100.549
0.358,110.581,100.583,100.539
0.359,110.568,100.571,100.53
0.36,110.556,100.559,100.52
0.361,110.543,100.546,100.511
0.362,110.53,100.534,100.502
0.363,110.517,100.522,100.492
0.364,110.504,100.51,100.483
0.365,110.492,100.498,100.474
0.366,110.479,100.486,100.464
0.367,110.466,100.474,100.455
0.368,110.453,100.462,100.446
0.369,110.44,100.45,100.437
0.37,110.427,100.438,100.427
0.371,110.414,100.426,100.418
0.372,110.401,100.415,100.409
0.373,110.388,100.403,100.4
0.374,110.375,100.391,100.391
0.375,110.362,100.379,100.382
0.376,110.349,100.368,100.373
0.377,110.336,100.356,100.364
0.378,110.323,100.345,100.355
0.379,110.31,100.333,100.346
0.38,110.297,100.322,100.337
0.381,110.284,100.31,100.328
0.382,110.271,100.299,100.319
0.383,110.258,100.287,100.31
0.384,110.245,100.276,100.302
0.385,110.232,100.265,100.293
0.386,110.219,100.253,100.284
0.387,110.206,100.242,100.275
0.388,110.193,100.231,100.266
0.389,110.18,100.219,100.258
0.39,110.166,100.208,100.249
0.391,110.153,100.197,100.24
0.392,110.14,100.186,100.232
0.393,110.127,100.175,100.223
0.394,110.114,100.164,100.214
0.395,110.101,100.153,100.206
0.396,110.087,100.142,100.197
0.397,110.074,100.131,100.189
0.398,110.061,100.12,100.18
0.399,110.048,100.109,100.172
0.4,110.035,100.098,100.163
0.401,110.021,100.087,100.155
0.402,110.008,100.077,100.146
0.403,109.995,100.066,100.138
0.404,109.981,100.055,100.129
0.405,109.968,100.044,100.121
0.406,109.955,100.034,100.113
0.407,109.942,100.023,100.104
0.408,109.928,100.013,100.096
0.409,109.915,100.002,100.088
0.41,109.902,99.9914,100.08
0.411,109.888,99.9809,100.071
0.412,109.875,99.9704,100.063
0.413,109.862,99.9599,100.055
0.414,109.848,99.9495,100.047
0.415,109.835,99.9391,100.038
0.416,109.822,99.9287,100.03
0.417,109.808,99.9183,100.022
0.418,109.795,99.908,100.014
0.419,109.782,99.8977,100.006
0.42,109.768,99.8875,99.9978
0.421,109.755,99.8772,99.9897
0.422,109.742,99.867,99.9817
0.423,109.728,99.8568,99.9736
0.424,109.715,99.8467,99.9656
0.425,109.702,99.8365,99.9576
0.426,109.688,99.8265,99.9497
0.427,109.675,99.8164,99.9417
0.428,109.661,99.8063,99.9338
0.429,109.648,99.7963,99.9258
0.43,109.635,99.7863,99.9179
0.431,109.621,99.7764,99.91
0.432,109.608,99.7664,99.9022
0.433,109.594,99.7565,99.8943
0.434,109.581,99.7466,99.8865
0.435,109.568,99.7368,99.8787
0.436,109.554,99.727,99.8709
0.437,109.541,99.7171,99.8631
0.438,109.527,99.7074,99.8553
0.439,109.514,99.6976,99.8476
0.44,109.5,99.6879,99.8399
0.441,109.487,99.6782,99.8321
0.442,109.474,99.6685,99.8244
0.443,109.46,99.6589,99.8168
0.444,109.447,99.6492,99.8091
0.445,109.433,99.6396,99.8015
0.446,109.42,99.6301,99.7938
0.447,109.406,99.6205,99.7862
0.448,109.393,99.611,99.7786
0.449,109.379,99.6015,99.771
0.45,109.366,99.592,99.7635
0.451,109.353,99.5825,99.7559
0.452,109.339,99.5731,99.7484
0.453,109.326,99.5637,99.7409
0.454,109.312,99.5543,99.7334
0.455,109.299,99.545,99.7259
0.456,109.285,99.5356,99.7184
0.457,109.272,99.5263,99.7109
0.458,109.259,99.517,99.7035
0.459,109.245,99.5078,99.6961
0.46,109.232,99.4986,99.6887
0.461,109.218,99.4893,99.6813
0.462,109.205,99.4801,99.6739
0.463,109.191,99.471,99.6665
0.464,109.178,99.4618,99.6592
0.465,109.164,99.4527,99.6518
0.466,109.151,99.4436,99.6445
0.467,109.138,99.4345,99.6372
0.468,109.124,99.4255,99.6299
0.469,109.111,99.4164,99.6227
0.47,109.097,99.4074,99.6154
0.471,109.084,99.3984,99.6082
0.472,109.07,99.3895,99.6009
0.473,109.057,99.3805,99.5937
0.474,109.044,99.3716,99.5865
0.475,109.03,99.3627,99.5793
0.476,109.017,99.3538,99.5721
0.477,109.003,99.345,99.565
0.478,108.99,99.3361,99.5578
0.479,108.976,99.3273,99.5507
0.48,108.963,99.3185,99.5436
0.481,108.95,99.3097,99.5365
0.482,108.936,99.301,99.5294
0.483,108.923,99.2923,99.5223
0.484,108.909,99.2836,99.5153
0.485,108.896,99.2749,99.5082
0.486,108.883,99.2662,99.5012
0.487,108.869,99.2576,99.4941
0.488,108.856,99.2489,99.4871
0.489,108.842,99.2403,99.4801
0.49,108.829,99.2317,99.4732
0.491,108.816,99.2232,99.4662
0.492,108.802,99.2146,99.4592
0.493,108.789,99.2061,99.4523
0.494,108.775,99.1976,99.4454
0.495,108.762,99.1891,99.4384
0.496,108.749,99.1806,99.4315
0.497,108.735,99.1722,99.4247
0.498,108.722,99.1638,99.4178
0.499,108.709,99.1554,99.4109
0.5,108.695,99.147,99.404
0.501,108.682,99.1386,99.3972
0.502,108.669,99.1303,99.3904
0.503,108.655,99.1219,99.3836
0.504,108.642,99.1136,99.3768
0.505,108.629,99.1053,99.37
0.506,108.615,99.0971,99.3632
0.507,108.602,99.0888,99.3564
0.508,108.589,99.0806,99.3497
0.509,108.575,99.0724,99.3429
0.51,108.562,99.0642,99.3362
0.511,108.549,99.056,99.3295
0.512,108.535,99.0478,99.3228
0.513,108.522,99.0397,99.3161
0.514,108.509,99.0316,99.3094
0.515,108.496,99.0235,99.3027
0.516,108.482,99.0154,99.2961
0.517,108.469,99.0073,99.2895
0.518,108.456,98.9993,99.2828
0.519,108.442,98.9912,99.2762
0.52,108.429,98.9832,99.2696
0.521,108.416,98.9752,99.263
0.522,108.403,98.9673,99.2564
0.523,108.389,98.9593,99.2498
0.524,108.376,98.9514,99.2433
0.525,108.363,98.9434,99.2367
0.526,108.35,98.9355,99.2302
0.527,108.337,98.9276,99.2237
0.528,108.323,98.9198,99.2171
0.529,108.31,98.9119,99.2106
0.53,108.297,98.9041,99.2041
0.531,108.284,98.8963,99.1977
0.532,108.271,98.8884,99.1912
0.533,108.257,98.8807,99.1847
0.534,108.244,98.8729,99.1783
0.535,108.231,98.8651,99.1718
0.536,108.218,98.8574,99.1654
0.537,108.205,98.8497,99.159
0.538,108.192,98.842,99.1526
0.539,108.178,98.8343,99.1462
0.54,108.165,98.8266,99.1398
0.541,108.152,98.819,99.1334
0.542,108.139,98.8113,99.1271
0.543,108.126,98.8037,99.1207
0.544,108.113,98.7961,99.1143
0.545,108.1,98.7885,99.108
0.546,108.087,98.7809,99.1017
0.547,108.074,98.7734,99.0954
0.548,108.06,98.7658,99.0891
0.549,108.047,98.7583,99.0828
0.55,108.034,98.7508,99.0765
0.551,108.021,98.7433,99.0703
0.552,108.008,98.7358,99.064
0.553,107.995,98.7284,99.0577
0.554,107.982,98.7209,99.0515
0.555,107.969,98.7135,99.0453
0.556,107.956,98.7061,99.0391
0.557,107.943,98.6987,99.0328
0.558,107.93,98.6913,99.0266
0.559,107.917,98.6839,99.0205
0.56,107.904,98.6765,99.0143
0.561,107.891,98.6692,99.0081
0.562,107.878,98.6619,99.002
0.563,107.865,98.6546,98.9958
0.564,107.852,98.6473,98.9897
0.565,107.839,98.64,98.9835
0.566,107.826,98.6327,98.9774
0.567,107.813,98.6255,98.9713
0.568,107.8,98.6182,98.9652
0.569,107.787,98.611,98.9591
0.57,107.774,98.6038,98.953
0.571,107.761,98.5966,98.947
0.572,107.749,98.5894,98.9409
0.573,107.736,98.5823,98.9349
0.574,107.723,98.5751,98.9288
0.575,107.71,98.568,98.9228
0.576,107.697,98.5609,98.9168
0.577,107.684,98.5537,98.9107
0.578,107.671,98.5467,98.9047
0.579,107.658,98.5396,98.8987
0.58,107.646,98.5325,98.8928
0.581,107.633,98.5255,98.8868
0.582,107.62,98.5184,98.8808
0.583,107.607,98.5114,98.8748
0.584,107.594,98.5044,98.8689
0.585,107.582,98.4974,98.863
0.586,107.569,98.4904,98.857
0.587,107.556,98.4834,98.8511
0.588,107.543,98.4765,98.8452
0.589,107.53,98.4695,98.8393
0.59,107.518,98.4626,98.8334
0.591,107.505,98.4557,98.8275
0.592,107.492,98.4488,98.8216
0.593,107.479,98.4419,98.8158
0.594,107.467,98.435,98.8099
0.595,107.454,98.4282,98.804
0.596,107.441,98.4213,98.7982
0.597,107.429,98.4145,98.7924
0.598,107.416,98.4076,98.7865
0.599,107.403,98.4008,98.7807
0.6,107.391,98.394,98.7749
0.601,107.378,98.3873,98.7691
0.602,107.365,98.3805,98.7633
0.603,107.353,98.3737,98.7575
0.604,107.34,98.367,98.7518
0.605,107.327,98.3602,98.746
0.606,107.315,98.3535,98.7403
0.607,107.302,98.3468,98.7345
0.608,107.29,98.3401,98.7288
0.609,107.277,98.3334,98.723
0.61,107.264,98.3268,98.7173
0.611,107.252,98.3201,98.7116
0.612,107.239,98.3135,98.7059
0.613,107.227,98.3068,98.7002
0.614,107.214,98.3002,98.6945
0.615,107.202,98.2936,98.6888
0.616,107.189,98.287,98.6832
0.617,107.177,98.2804,98.6775
0.618,107.164,98.2738,98.6718
0.619,107.152,98.2673,98.6662
0.62,107.139,98.2607,98.6605
0.621,107.127,98.2542,98.6549
0.622,107.114,98.2477,98.6493
0.623,107.102,98.2411,98.6437
0.624,107.089,98.2346,98.6381
0.625,107.077,98.2282,98.6325
0.626,107.064,98.2217,98.6269
0.627,107.052,98.2152,98.6213
0.628,107.039,98.2088,98.6157
0.629,107.027,98.2023,98.6101
0.63,107.015,98.1959,98.6046
0.631,107.002,98.1895,98.599
0.632,106.99,98.1831,98.5935
0.633,106.978,98.1767,98.588
0.634,106.965,98.1703,98.5824
0.635,106.953,98.1639,98.5769
0.636,106.941,98.1575,98.5714
0.637,106.928,98.1512,98.5659
0.638,106.916,98.1448,98.5604
0.639,106.904,98.1385,98.5549
0.64,106.891,98.1322,98.5494
0.641,106.879,98.1259,98.5439
0.642,106.867,98.1196,98.5385
0.643,106.854,98.1133,98.533
0.644,106.842,98.107,98.5275
0.645,106.83,98.1008,98.5221
0.646,106.818,98.0945,98.5167
0.647,106.805,98.0883,98.5112
0.648,106.793,98.082,98.5058
0.649,106.781,98.0758,98.5004
0.65,106.769,98.0696,98.495
0.651,106.757,98.0634,98.4896
0.652,106.744,98.0572,98.4842
0.653,106.732,98.051,98.4788
0.654,106.72,98.0449,98.4734
0.655,106.708,98.0387,98.468
0.656,106.696,98.0326,98.4627
0.657,106.684,98.0265,98.4573
0.658,106.672,98.0203,98.452
0.659,106.659,98.0142,98.4466
0.66,106.647,98.0081,98.4413
0.661,106.635,98.002,98.436
0.662,106.623,97.9959,98.4306
0.663,106.611,97.9899,98.4253
0.664,106.599,97.9838,98.42
0.665,106.587,97.9777,98.4147
0.666,106.575,97.9717,98.4094
0.667,106.563,97.9657,98.4041
0.668,106.551,97.9596,98.3989
0.669,106.539,97.9536,98.3936
0.67,106.527,97.9476,98.3883
0.671,106.515,97.9416,98.3831
0.672,106.503,97.9356,98.3778
0.673,106.491,97.9297,98.3726
0.674,106.479,97.9237,98.3673
0.675,106.467,97.9178,98.3621
0.676,106.455,97.9118,98.3569
0.677,106.443,97.9059,98.3517
0.678,106.431,97.9,98.3465
0.679,106.419,97.894,98.3412
0.68,106.407,97.8881,98.3361
0.681,106.396,97.8822,98.3309
0.682,106.384,97.8764,98.3257
0.683,106.372,97.8705,98.3205
0.684,106.36,97.8646,98.3153
0.685,106.348,97.8588,98.3102
0.686,106.336,97.8529,98.305
0.687,106.324,97.8471,98.2999
0.688,106.313,97.8413,98.2947
0.689,106.301,97.8354,98.2896
0.69,106.289,97.8296,98.2845
0.691,106.277,97.8238,98.2793
0.692,106.265,97.818,98.2742
0.693,106.254,97.8122,98.2691
0.694,106.242,97.8065,98.264
0.695,106.23,97.8007,98.2589
0.696,106.218,97.795,98.2538
0.697,106.207,97.7892,98.2487
0.698,106.195,97.7835,98.2437
0.699,106.183,97.7777,98.2386
0.7,106.172,97.772,98.2335
0.701,106.16,97.7663,98.2285
0.702,106.148,97.7606,98.2234
0.703,106.137,97.7549,98.2184
0.704,106.125,97.7493,98.2133
0.705,106.113,97.7436,98.2083
0.706,106.102,97.7379,98.2033
0.707,106.09,97.7323,98.1982
0.708,106.078,97.7266,98.1932
0.709,106.067,97.721,98.1882
0.71,106.055,97.7154,98.1832
0.711,106.044,97.7097,98.1782
0.712,106.032,97.7041,98.1732
0.713,106.021,97.6985,98.1683
0.714,106.009,97.6929,98.1633
0.715,105.997,97.6873,98.1583
0.716,105.986,97.6818,98.1533
0.717,105.974,97.6762,98.1484
0.718,105.963,97.6706,98.1434
0.719,105.951,97.6651,98.1385
0.72,105.94,97.6595,98.1335
0.721,105.928,97.654,98.1286
0.722,105.917,97.6485,98.1237
0.723,105.906,97.643,98.1188
0.724,105.894,97.6374,98.1139
0.725,105.883,97.6319,98.1089
0.726,105.871,97.6264,98.104
0.727,105.86,97.621,98.0991
0.728,105.848,97.6155,98.0942
0.729,105.837,97.61,98.0894
0.73,105.826,97.6046,98.0845
0.731,105.814,97.5991,98.0796
0.732,105.803,97.5937,98.0747
0.733,105.792,97.5882,98.0699
0.734,105.78,97.5828,98.065
0.735,105.769,97.5774,98.0602
0.736,105.758,97.572,98.0553
0.737,105.746,97.5666,98.0505
0.738,105.735,97.5612,98.0457
0.739,105.724,97.5558,98.0408
0.74,105.712,97.5504,98.036
0.741,105.701,97.5451,98.0312
0.742,105.69,97.5397,98.0264
0.743,105.679,97.5343,98.0216
0.744,105.667,97.529,98.0168
0.745,105.656,97.5236,98.012
0.746,105.645,97.5183,98.0072
0.747,105.634,97.513,98.0024
0.748,105.622,97.5077,97.9977
0.749,105.611,97.5024,97.9929
0.75,105.6,97.4971,97.9881
0.751,105.589,97.4918,97.9834
0.752,105.578,97.4865,97.9786
0.753,105.567,97.4812,97.9739
0.754,105.556,97.4759,97.9691
0.755,105.544,97.4707,97.9644
0.756,105.533,97.4654,97.9597
0.757,105.522,97.4602,97.9549
0.758,105.511,97.4549,97.9502
0.759,105.5,97.4497,97.9455
0.76,105.489,97.4445,97.9408
0.761,105.478,97.4392,97.9361
0.762,105.467,97.434,97.9314
0.763,105.456,97.4288,97.9267
0.764,105.445,97.4236,97.922
0.765,105.434,97.4185,97.9173
0.766,105.423,97.4133,97.9127
0.767,105.412,97.4081,97.908
0.768,105.401,97.4029,97.9033
0.769,105.39,97.3978,97.8987
0.77,105.379,97.3926,97.894
0.771,105.368,97.3875,97.8894
0.772,105.357,97.3823,97.8847
0.773,105.346,97.3772,97.8801
0.774,105.335,97.3721,97.8755
0.775,105.324,97.367,97.8708
0.776,105.313,97.3619,97.8662
0.777,105.302,97.3568,97.8616
0.778,105.291,97.3517,97.857
0.779,105.281,97.3466,97.8524
0.78,105.27,97.3415,97.8478
0.781,105.259,97.3364,97.8432
0.782,105.248,97.3314,97.8386
0.783,105.237,97.3263,97.834
0.784,105.226,97.3213,97.8294
0.785,105.216,97.3162,97.8249
0.786,105.205,97.3112,97.8203
0.787,105.194,97.3061,97.8157
0.788,105.183,97.3011,97.8112
0.789,105.172,97.2961,97.8066
0.79,105.162,97.2911,97.8021
0.791,105.151,97.2861,97.7975
0.792,105.14,97.2811,97.793
0.793,105.129,97.2761,97.7885
0.794,105.119,97.2711,97.784
0.795,105.108,97.2661,97.7794
0.796,105.097,97.2612,97.7749
0.797,105.087,97.2562,97.7704
0.798,105.076,97.2513,97.7659
0.799,105.065,97.2463,97.7614
0.8,105.055,97.2414,97.7569
0.801,105.044,97.2364,97.7524
0.802,105.033,97.2315,97.7479
0.803,105.023,97.2266,97.7434
0.804,105.012,97.2216,97.739
0.805,105.001,97.2167,97.7345
0.806,104.991,97.2118,97.73
0.807,104.98,97.2069,97.7256
0.808,104.97,97.202,97.7211
0.809,104.959,97.1972,97.7167
0.81,104.949,97.1923,97.7122
0.811,104.938,97.1874,97.7078
0.812,104.927,97.1825,97.7033
0.813,104.917,97.1777,97.6989
0.814,104.906,97.1728,97.6945
0.815,104.896,97.168,97.6901
0.816,104.885,97.1631,97.6856
0.817,104.875,97.1583,97.6812
0.818,104.864,97.1535,97.6768
0.819,104.854,97.1487,97.6724
0.82,104.844,97.1439,97.668
0.821,104.833,97.1391,97.6636
0.822,104.823,97.1342,97.6593
0.823,104.812,97.1295,97.6549
0.824,104.802,97.1247,97.6505
0.825,104.791,97.1199,97.6461
0.826,104.781,97.1151,97.6418
0.827,104.771,97.1103,97.6374
0.828,104.76,97.1056,97.633
0.829,104.75,97.1008,97.6287
0.83,104.74,97.0961,97.6243
0.831,104.729,97.0913,97.62
0.832,104.719,97.0866,97.6156
0.833,104.709,97.0818,97.6113
0.834,104.698,97.0771,97.607
0.835,104.688,97.0724,97.6027
0.836,104.678,97.0677,97.5983
0.837,104.667,97.063,97.594
0.838,104.657,97.0583,97.5897
0.839,104.647,97.0536,97.5854
0.84,104.637,97.0489,97.5811
0.841,104.626,97.0442,97.5768
0.842,104.616,97.0395,97.5725
0.843,104.606,97.0348,97.5682
0.844,104.596,97.0302,97.5639
0.845,104.585,97.0255,97.5597
0.846,104.575,97.0208,97.5554
0.847,104.565,97.0162,97.5511
0.848,104.555,97.0116,97.5469
0.849,104.545,97.0069,97.5426
0.85,104.535,97.0023,97.5384
0.851,104.524,96.9977,97.5341
0.852,104.514,96.993,97.5299
0.853,104.504,96.9884,97.5256
0.854,104.494,96.9838,97.5214
0.855,104.484,96.9792,97.5172
0.856,104.474,96.9746,97.5129
0.857,104.464,96.97,97.5087
0.858,104.454,96.9654,97.5045
0.859,104.444,96.9608,97.5003
0.86,104.434,96.9563,97.4961
0.861,104.424,96.9517,97.4918
0.862,104.413,96.9471,97.4876
0.863,104.403,96.9426,97.4834
0.864,104.393,96.938,97.4793
0.865,104.383,96.9335,97.4751
0.866,104.373,96.9289,97.4709
0.867,104.363,96.9244,97.4667
0.868,104.353,96.9199,97.4625
0.869,104.344,96.9154,97.4584
0.87,104.334,96.9108,97.4542
0.871,104.324,96.9063,97.45
0.872,104.314,96.9018,97.4459
0.873,104.304,96.8973,97.4417
0.874,104.294,96.8928,97.4376
0.875,104.284,96.8883,97.4334
0.876,104.274,96.8838,97.4293
0.877,104.264,96.8793,97.4252
0.878,104.254,96.8749,97.421
0.879,104.244,96.8704,97.4169
0.88,104.235,96.8659,97.4128
0.881,104.225,96.8615,97.4087
0.882,104.215,96.857,97.4046
0.883,104.205,96.8526,97.4005
0.884,104.195,96.8481,97.3964
0.885,104.185,96.8437,97.3922
0.886,104.176,96.8393,97.3882
0.887,104.166,96.8348,97.3841
0.888,104.156,96.8304,97.38
0.889,104.146,96.826,97.3759
0.89,104.136,96.8216,97.3718
0.891,104.127,96.8172,97.3677
0.892,104.117,96.8128,97.3637
0.893,104.107,96.8084,97.3596
0.894,104.097,96.804,97.3555
0.895,104.088,96.7996,97.3515
0.896,104.078,96.7952,97.3474
0.897,104.068,96.7908,97.3434
0.898,104.059,96.7865,97.3393
0.899,104.049,96.7821,97.3353
0.9,104.039,96.7777,97.3313
0.901,104.03,96.7734,97.3272
0.902,104.02,96.7691,97.3232
0.903,104.01,96.7647,97.3192
0.904,104.001,96.7604,97.3151
0.905,103.991,96.756,97.3111
0.906,103.982,96.7517,97.3071
0.907,103.972,96.7474,97.3031
0.908,103.962,96.7431,97.2991
0.909,103.953,96.7387,97.2951
0.91,103.943,96.7344,97.2911
0.911,103.934,96.7301,97.2871
0.912,103.924,96.7258,97.2831
0.913,103.915,96.7215,97.2792
0.914,103.905,96.7173,97.2752
0.915,103.895,96.713,97.2712
0.916,103.886,96.7087,97.2672
0.917,103.876,96.7044,97.2633
0.918,103.867,96.7001,97.2593
0.919,103.857,96.6959,97.2553
0.92,103.848,96.6916,97.2514
0.921,103.839,96.6874,97.2474
0.922,103.829,96.6831,97.2435
0.923,103.82,96.6789,97.2395
0.924,103.81,96.6746,97.2356
0.925,103.801,96.6704,97.2317
0.926,103.791,96.6662,97.2278
0.927,103.782,96.6619,97.2238
0.928,103.772,96.6577,97.2199
0.929,103.763,96.6535,97.216
0.93,103.754,96.6493,97.2121
0.931,103.744,96.6451,97.2082
0.932,103.735,96.6409,97.2042
0.933,103.726,96.6367,97.2003
0.934,103.716,96.6325,97.1964
0.935,103.707,96.6283,97.1926
0.936,103.698,96.6241,97.1887
0.937,103.688,96.6199,97.1848
0.938,103.679,96.6158,97.1809
0.939,103.67,96.6116,97.177
0.94,103.66,96.6074,97.1731
0.941,103.651,96.6033,97.1693
0.942,103.642,96.5991,97.1654
0.943,103.633,96.595,97.1615
0.944,103.623,96.5908,97.1577
0.945,103.614,96.5867,97.1538
0.946,103.605,96.5826,97.15
0.947,103.596,96.5784,97.1461
0.948,103.586,96.5743,97.1423
0.949,103.577,96.5702,97.1384
0.95,103.568,96.5661,97.1346
0.951,103.559,96.562,97.1308
0.952,103.55,96.5578,97.1269
0.95275,103.543,96.5548,97.1241
0.9535,103.536,96.5517,97.1212
0.95425,103.529,96.5486,97.1183
0.955,103.522,96.5456,97.1155
0.95575,103.515,96.5425,97.1126
0.9565,103.508,96.5394,97.1097
0.95725,103.501,96.5363,97.1069
0.958,103.495,96.5333,97.104
0.95875,103.488,96.5302,97.1012
0.9595,103.481,96.5272,97.0983
0.96025,103.474,96.5241,97.0955
0.961,103.467,96.5211,97.0926
0.96175,103.46,96.518,97.0898
0.9625,103.454,96.515,97.0869
0.96325,103.447,96.5119,97.0841
0.964,103.44,96.5089,97.0813
0.96475,103.433,96.5059,97.0784
0.965,103.431,96.5048,97.0775
0.965375,103.428,96.5033,97.0761
0.966125,103.421,96.5003,97.0732
0.966375,103.418,96.4993,97.0723
0.96675,103.415,96.4978,97.0709
0.9675,103.408,96.4947,97.0681
0.9685,103.399,96.4907,97.0643
0.96875,103.397,96.4897,97.0633
0.969125,103.394,96.4882,97.0619
0.969688,103.389,96.4859,97.0598
0.969938,103.386,96.4849,97.0589
0.970312,103.383,96.4834,97.0575
0.971062,103.376,96.4804,97.0547
0.971313,103.374,96.4794,97.0537
0.971687,103.37,96.4779,97.0523
0.972438,103.364,96.4749,97.0495
0.973437,103.355,96.4709,97.0457
0.973688,103.353,96.4698,97.0448
0.974063,103.349,96.4684,97.0434
0.974813,103.342,96.4653,97.0406
0.975062,103.34,96.4643,97.0397
0.975438,103.337,96.4628,97.0383
0.976188,103.33,96.4598,97.0354
0.977188,103.321,96.4558,97.0317
0.977437,103.319,96.4548,97.0308
0.977813,103.316,96.4534,97.0294
0.978375,103.31,96.4511,97.0273
0.979219,103.303,96.4477,97.0241
0.979469,103.301,96.4467,97.0232
0.979844,103.297,96.4453,97.0218
0.980406,103.292,96.443,97.0197
0.980656,103.29,96.442,97.0188
0.981031,103.287,96.4405,97.0174
0.981781,103.28,96.4375,97.0146
0.982031,103.278,96.4366,97.0137
0.982406,103.274,96.4351,97.0123
0.983156,103.268,96.4321,97.0095
0.983406,103.266,96.4311,97.0086
0.983781,103.262,96.4296,97.0072
0.984531,103.256,96.4266,97.0044
0.984781,103.253,96.4256,97.0035
0.985156,103.25,96.4242,97.0021
0.985906,103.243,96.4212,96.9993
0.986906,103.234,96.4172,96.9956
0.987156,103.232,96.4162,96.9947
0.987531,103.229,96.4148,96.9933
0.988094,103.224,96.4126,96.9912
0.988305,103.222,96.4117,96.9904
0.988621,103.219,96.4105,96.9893
0.989254,103.214,96.408,96.9869
0.990254,103.205,96.404,96.9832
0.990504,103.203,96.403,96.9823
0.990879,103.199,96.4016,96.9809
0.991629,103.193,96.3986,96.9782
0.991879,103.19,96.3976,96.9772
0.992254,103.187,96.3962,96.9759
0.993004,103.181,96.3932,96.9731
0.993254,103.178,96.3922,96.9722
0.993629,103.175,96.3908,96.9708
0.994379,103.168,96.3878,96.9681
0.994629,103.166,96.3868,96.9671
0.995004,103.163,96.3854,96.9658
0.995754,103.156,96.3824,96.963
0.996004,103.154,96.3815,96.9621
0.996379,103.151,96.38,96.9607
0.997129,103.144,96.3771,96.958
0.997379,103.142,96.3761,96.9571
0.997754,103.139,96.3746,96.9557
0.998504,103.132,96.3717,96.9529
0.998754,103.13,96.3707,96.952
0.999129,103.127,96.3692,96.9507
0.999879,103.12,96.3663,96.9479
1,103.119,96.3658,96.9475
