70,70,70
69.9854,70.0484,70.0575
69.9651,70.1012,70.1222
69.944,70.1543,70.1878
69.9229,70.2072,70.2532
69.9021,70.2597,70.3181
69.8816,70.3119,70.3825
69.8614,70.3638,70.4464
69.8414,70.4154,70.5098
69.8217,70.4666,70.5727
69.8023,70.5175,70.6351
69.7831,70.568,70.6971
69.7643,70.6183,70.7585
69.7457,70.6682,70.8194
69.7274,70.7178,70.8799
69.7093,70.7672,70.9398
69.6916,70.8162,70.9993
69.6741,70.8649,71.0583
69.6568,70.9133,71.1169
69.6399,70.9614,71.175
69.6232,71.0092,71.2326
69.6068,71.0567,71.2897
69.5906,71.1039,71.3465
69.5748,71.1508,71.4027
69.5591,71.1975,71.4585
69.5438,71.2438,71.5139
69.5287,71.2899,71.5689
69.5139,71.3357,71.6234
69.4993,71.3813,71.6775
69.485,71.4265,71.7311
69.4709,71.4715,71.7843
69.4571,71.5162,71.8372
69.4436,71.5606,71.8896
69.4303,71.6048,71.9415
69.4173,71.6487,71.9931
69.4045,71.6924,72.0443
69.392,71.7358,72.0951
69.3797,71.7789,72.1455
69.3676,71.8218,72.1955
69.3558,71.8645,72.2451
69.3443,71.9069,72.2943
69.333,71.949,72.3431
69.3219,71.9909,72.3916
69.3111,72.0325,72.4397
69.3005,72.074,72.4874
69.2902,72.1151,72.5348
69.2801,72.1561,72.5818
69.2702,72.1968,72.6284
69.2605,72.2372,72.6747
69.2511,72.2775,72.7206
69.2419,72.3175,72.7662
69.233,72.3573,72.8115
69.2242,72.3968,72.8564
69.2157,72.4361,72.9009
69.2074,72.4753,72.9452
69.1994,72.5142,72.9891
69.1915,72.5528,73.0326
69.1839,72.5913,73.0759
69.1765,72.6295,73.1188
69.1693,72.6675,73.1614
69.1623,72.7054,73.2037
69.1555,72.743,73.2457
69.149,72.7804,73.2873
69.1426,72.8176,73.3287
69.1365,72.8546,73.3698
69.1306,72.8914,73.4105
69.1248,72.9279,73.451
69.1193,72.9643,73.4911
69.114,73.0005,73.531
69.1089,73.0365,73.5706
69.1039,73.0723,73.6099
69.0992,73.1079,73.649
69.0947,73.1434,73.6877
69.0903,73.1786,73.7262
69.0862,73.2136,73.7644
69.0822,73.2485,73.8023
69.0784,73.2831,73.84
69.0749,73.3176,73.8774
69.0715,73.3519,73.9145
69.0682,73.3861,73.9514
69.0652,73.42,73.988
69.0624,73.4538,74.0244
69.0597,73.4874,74.0605
69.0572,73.5208,74.0964
69.0549,73.554,74.132
69.0527,73.5871,74.1673
69.0508,73.62,74.2025
69.049,73.6527,74.2374
69.0474,73.6853,74.272
69.0459,73.7176,74.3064
69.0446,73.7499,74.3406
69.0435,73.7819,74.3746
69.0426,73.8138,74.4083
69.0418,73.8456,74.4418
69.0412,73.8771,74.4751
69.0407,73.9086,74.5081
69.0404,73.9398,74.541
69.0402,73.9709,74.5736
69.0403,74.0019,74.606
69.0404,74.0326,74.6382
69.0407,74.0633,74.6702
69.0412,74.0938,74.702
69.0418,74.1241,74.7335
69.0426,74.1543,74.7649
69.0435,74.1843,74.7961
69.0446,74.2142,74.827
69.0458,74.2439,74.8578
69.0472,74.2735,74.8884
69.0487,74.303,74.9187
69.0504,74.3323,74.9489
69.0522,74.3614,74.9789
69.0541,74.3905,75.0087
69.0562,74.4193,75.0383
69.0584,74.4481,75.0678
69.0607,74.4767,75.097
69.0632,74.5051,75.1261
69.0658,74.5335,75.155
69.0685,74.5617,75.1837
69.0714,74.5897,75.2122
69.0744,74.6177,75.2406
69.0776,74.6455,75.2688
69.0808,74.6731,75.2968
69.0842,74.7007,75.3246
69.0877,74.7281,75.3523
69.0914,74.7553,75.3798
69.0951,74.7825,75.4071
69.099,74.8095,75.4343
69.103,74.8364,75.4613
69.1071,74.8632,75.4882
69.1114,74.8898,75.5149
69.1158,74.9163,75.5414
69.1202,74.9427,75.5678
69.1248,74.969,75.5941
69.1295,74.9952,75.6201
69.1344,75.0212,75.6461
69.1393,75.0471,75.6718
69.1443,75.0729,75.6975
69.1495,75.0986,75.723
69.1548,75.1242,75.7483
69.1601,75.1496,75.7735
69.1656,75.175,75.7985
69.1712,75.2002,75.8234
69.1769,75.2253,75.8482
69.1827,75.2503,75.8728
69.1886,75.2752,75.8973
69.1946,75.3,75.9217
69.2007,75.3247,75.9459
69.2069,75.3492,75.97
69.2132,75.3737,75.9939
69.2196,75.398,76.0177
69.2261,75.4222,76.0414
69.2327,75.4464,76.0649
69.2394,75.4704,76.0884
69.2462,75.4943,76.1117
69.253,75.5181,76.1348
69.26,75.5418,76.1579
69.2671,75.5654,76.1808
69.2742,75.5889,76.2036
69.2815,75.6123,76.2263
69.2888,75.6356,76.2489
69.2963,75.6588,76.2713
69.3038,75.6819,76.2936
69.3114,75.7049,76.3158
69.3191,75.7278,76.3379
69.3268,75.7506,76.3599
69.3347,75.7734,76.3817
69.3426,75.796,76.4035
69.3507,75.8185,76.4251
69.3588,75.8409,76.4466
69.367,75.8633,76.468
69.3752,75.8855,76.4893
69.3836,75.9076,76.5105
69.392,75.9297,76.5316
69.4005,75.9516,76.5526
69.4091,75.9735,76.5735
69.4178,75.9953,76.5942
69.4265,76.017,76.6149
69.4353,76.0386,76.6355
69.4442,76.0601,76.6559
69.4532,76.0815,76.6763
69.4623,76.1028,76.6965
69.4714,76.124,76.7167
69.4806,76.1452,76.7367
69.4898,76.1663,76.7567
69.4991,76.1873,76.7766
69.5085,76.2082,76.7963
69.518,76.229,76.816
69.5275,76.2497,76.8356
69.5372,76.2703,76.8551
69.5468,76.2909,76.8745
69.5566,76.3114,76.8937
69.5664,76.3318,76.913
69.5762,76.3521,76.9321
69.5862,76.3723,76.9511
69.5962,76.3925,76.97
69.6063,76.4126,76.9889
69.6164,76.4326,77.0076
69.6266,76.4525,77.0263
69.6368,76.4723,77.0449
69.6471,76.4921,77.0634
69.6575,76.5118,77.0818
69.668,76.5314,77.1002
69.6785,76.5509,77.1184
69.689,76.5704,77.1366
69.6996,76.5897,77.1547
69.7103,76.609,77.1727
69.721,76.6283,77.1906
69.7318,76.6474,77.2084
69.7427,76.6665,77.2262
69.7536,76.6855,77.2439
69.7645,76.7044,77.2615
69.7756,76.7233,77.279
69.7866,76.7421,77.2965
69.7977,76.7608,77.3139
69.8089,76.7794,77.3311
69.8201,76.798,77.3484
69.8314,76.8165,77.3655
69.8428,76.835,77.3826
69.8541,76.8533,77.3996
69.8656,76.8716,77.4165
69.877,76.8899,77.4334
69.8886,76.908,77.4502
69.9002,76.9261,77.4669
69.9118,76.9441,77.4836
69.9235,76.9621,77.5001
69.9352,76.98,77.5166
69.947,76.9978,77.5331
69.9588,77.0156,77.5495
69.9707,77.0332,77.5658
69.9826,77.0509,77.582
69.9946,77.0684,77.5982
70.0066,77.0859,77.6143
70.0186,77.1034,77.6303
70.0307,77.1207,77.6463
70.0429,77.138,77.6622
70.0551,77.1553,77.6781
70.0673,77.1725,77.6938
70.0796,77.1896,77.7096
70.0919,77.2066,77.7252
70.1042,77.2236,77.7408
70.1166,77.2406,77.7564
70.1291,77.2575,77.7718
70.1416,77.2743,77.7873
70.1541,77.291,77.8026
70.1667,77.3077,77.8179
70.1793,77.3244,77.8331
70.1919,77.3409,77.8483
70.2046,77.3575,77.8634
70.2173,77.3739,77.8785
70.2301,77.3903,77.8935
70.2429,77.4067,77.9085
70.2557,77.4229,77.9233
70.2686,77.4392,77.9382
70.2815,77.4553,77.953
70.2944,77.4715,77.9677
70.3074,77.4875,77.9824
70.3204,77.5035,77.997
70.3335,77.5195,78.0115
70.3466,77.5354,78.0261
70.3597,77.5512,78.0405
70.3728,77.567,78.0549
70.386,77.5827,78.0693
70.3993,77.5984,78.0836
70.4125,77.614,78.0978
70.4258,77.6296,78.112
70.4391,77.6451,78.1262
70.4525,77.6606,78.1403
70.4659,77.676,78.1543
70.4793,77.6914,78.1683
70.4928,77.7067,78.1823
70.5062,77.7219,78.1962
70.5198,77.7371,78.21
70.5333,77.7523,78.2238
70.5469,77.7674,78.2376
70.5605,77.7824,78.2513
70.5741,77.7974,78.2649
70.5878,77.8124,78.2785
70.6015,77.8273,78.2921
70.6152,77.8422,78.3056
70.629,77.857,78.3191
70.6427,77.8717,78.3326
70.6565,77.8864,78.3459
70.6704,77.9011,78.3593
70.6842,77.9157,78.3726
70.6981,77.9303,78.3858
70.7121,77.9448,78.399
70.726,77.9593,78.4122
70.74,77.9737,78.4253
70.754,77.9881,78.4384
70.768,78.0024,78.4515
70.782,78.0167,78.4644
70.7961,78.0309,78.4774
70.8102,78.0451,78.4903
70.8243,78.0592,78.5032
70.8385,78.0733,78.516
70.8527,78.0874,78.5288
70.8669,78.1014,78.5416
70.8811,78.1154,78.5543
70.8953,78.1293,78.5669
70.9096,78.1432,78.5796
70.9239,78.157,78.5922
70.9382,78.1708,78.6047
70.9525,78.1846,78.6172
70.9669,78.1983,78.6297
70.9813,78.2119,78.6421
70.9957,78.2255,78.6545
71.0101,78.2391,78.6669
71.0245,78.2527,78.6792
71.039,78.2662,78.6915
71.0535,78.2796,78.7038
71.068,78.293,78.716
71.0825,78.3064,78.7282
71.0971,78.3197,78.7403
71.1116,78.333,78.7524
71.1262,78.3462,78.7645
71.1408,78.3594,78.7765
71.1554,78.3726,78.7885
71.1701,78.3857,78.8005
71.1847,78.3988,78.8124
71.1994,78.4119,78.8243
71.2141,78.4249,78.8362
71.2288,78.4378,78.848
71.2436,78.4508,78.8598
71.2583,78.4636,78.8715
71.2731,78.4765,78.8833
71.2879,78.4893,78.895
71.3027,78.5021,78.9066
71.3175,78.5148,78.9182
71.3324,78.5275,78.9298
71.3472,78.5401,78.9414
71.3621,78.5528,78.9529
71.377,78.5653,78.9644
71.3919,78.5779,78.9759
71.4068,78.5904,78.9873
71.4217,78.6029,78.9987
71.4367,78.6153,79.0101
71.4517,78.6277,79.0214
71.4666,78.6401,79.0327
71.4816,78.6524,79.044
71.4966,78.6647,79.0553
71.5117,78.6769,79.0665
71.5267,78.6891,79.0777
71.5418,78.7013,79.0888
71.5568,78.7135,79.1
71.5719,78.7256,79.1111
71.587,78.7376,79.1221
71.6021,78.7497,79.1332
71.6172,78.7617,79.1442
71.6324,78.7737,79.1552
71.6475,78.7856,79.1661
71.6627,78.7975,79.1771
71.6778,78.8094,79.188
71.693,78.8212,79.1988
71.7082,78.833,79.2097
71.7234,78.8448,79.2205
71.7386,78.8565,79.2313
71.7538,78.8682,79.242
71.7691,78.8799,79.2528
71.7843,78.8915,79.2635
71.7996,78.9031,79.2741
71.8149,78.9147,79.2848
71.8302,78.9262,79.2954
71.8454,78.9377,79.306
71.8607,78.9492,79.3166
71.8761,78.9606,79.3271
71.8914,78.972,79.3377
71.9067,78.9834,79.3482
71.9221,78.9947,79.3586
71.9374,79.0061,79.3691
71.9528,79.0173,79.3795
71.9681,79.0286,79.3899
71.9835,79.0398,79.4002
71.9989,79.051,79.4106
72.0143,79.0621,79.4209
72.0297,79.0733,79.4312
72.0451,79.0844,79.4415
72.0605,79.0954,79.4517
72.076,79.1065,79.4619
72.0914,79.1175,79.4721
72.1068,79.1284,79.4823
72.1223,79.1394,79.4924
72.1378,79.1503,79.5025
72.1532,79.1612,79.5126
72.1687,79.172,79.5227
72.1842,79.1828,79.5328
72.1997,79.1936,79.5428
72.2152,79.2044,79.5528
72.2307,79.2151,79.5628
72.2462,79.2258,79.5727
72.2617,79.2365,79.5826
72.2772,79.2472,79.5926
72.2927,79.2578,79.6024
72.3082,79.2684,79.6123
72.3238,79.2789,79.6222
72.3393,79.2895,79.632
72.3549,79.3,79.6418
72.3704,79.3105,79.6516
72.386,79.3209,79.6613
72.4015,79.3313,79.671
72.4171,79.3417,79.6807
72.4327,79.3521,79.6904
72.4482,79.3624,79.7001
72.4638,79.3728,79.7097
72.4794,79.3831,79.7194
72.495,79.3933,79.729
72.5106,79.4035,79.7385
72.5262,79.4137,79.7481
72.5418,79.4239,79.7576
72.5574,79.4341,79.7672
72.573,79.4442,79.7766
72.5886,79.4543,79.7861
72.6042,79.4644,79.7956
72.6198,79.4744,79.805
72.6354,79.4844,79.8144
72.651,79.4944,79.8238
72.6667,79.5044,79.8332
72.6823,79.5144,79.8425
72.6979,79.5243,79.8519
72.7135,79.5342,79.8612
72.7292,79.544,79.8705
72.7448,79.5539,79.8797
72.7604,79.5637,79.889
72.7761,79.5735,79.8982
72.7917,79.5832,79.9074
72.8074,79.593,79.9166
72.823,79.6027,79.9258
72.8386,79.6124,79.935
72.8543,79.622,79.9441
72.8699,79.6317,79.9532
72.8856,79.6413,79.9623
72.9012,79.6509,79.9714
72.9169,79.6604,79.9805
72.9325,79.67,79.9895
72.9482,79.6795,79.9985
72.9638,79.689,80.0075
72.9795,79.6985,80.0165
72.9951,79.7079,80.0255
73.0108,79.7173,80.0344
73.0264,79.7267,80.0433
73.0421,79.7361,80.0522
73.0577,79.7455,80.0611
73.0733,79.7548,80.07
73.089,79.7641,80.0789
73.1046,79.7734,80.0877
73.1203,79.7826,80.0965
73.1359,79.7919,80.1053
73.1516,79.8011,80.1141
73.1672,79.8103,80.1229
73.1829,79.8194,80.1316
73.1985,79.8286,80.1403
73.2141,79.8377,80.1491
73.2298,79.8468,80.1578
73.2454,79.8559,80.1664
73.261,79.8649,80.1751
73.2767,79.8739,80.1837
73.2923,79.8829,80.1924
73.3079,79.8919,80.201
73.3236,79.9009,80.2096
73.3392,79.9098,80.2181
73.3548,79.9188,80.2267
73.3704,79.9277,80.2352
73.386,79.9365,80.2438
73.4016,79.9454,80.2523
73.4173,79.9542,80.2607
73.4329,79.963,80.2692
73.4485,79.9718,80.2777
73.4641,79.9806,80.2861
73.4797,79.9893,80.2945
73.4953,79.998,80.3029
73.5109,80.0068,80.3113
73.5265,80.0154,80.3197
73.542,80.0241,80.3281
73.5576,80.0327,80.3364
73.5732,80.0414,80.3447
73.5888,80.05,80.3531
73.6043,80.0585,80.3613
73.6199,80.0671,80.3696
73.6355,80.0756,80.3779
73.651,80.0841,80.3861
73.6666,80.0926,80.3944
73.6821,80.1011,80.4026
73.6977,80.1096,80.4108
73.7132,80.118,80.419
73.7288,80.1264,80.4271
73.7443,80.1348,80.4353
73.7598,80.1432,80.4434
73.7753,80.1515,80.4515
73.7909,80.1599,80.4596
73.8064,80.1682,80.4677
73.8219,80.1765,80.4758
73.8374,80.1848,80.4839
73.8529,80.193,80.4919
73.8684,80.2013,80.4999
73.8839,80.2095,80.508
73.8994,80.2177,80.516
73.9148,80.2259,80.5239
73.9303,80.234,80.5319
73.9458,80.2422,80.5399
73.9612,80.2503,80.5478
73.9767,80.2584,80.5557
73.9921,80.2665,80.5636
74.0076,80.2745,80.5715
74.023,80.2826,80.5794
74.0384,80.2906,80.5873
74.0539,80.2986,80.5951
74.0693,80.3066,80.603
74.0847,80.3146,80.6108
74.1001,80.3225,80.6186
74.1155,80.3305,80.6264
74.1309,80.3384,80.6342
74.1463,80.3463,80.642
74.1617,80.3541,80.6497
74.177,80.362,80.6574
74.1924,80.3698,80.6652
74.2077,80.3777,80.6729
74.2231,80.3855,80.6806
74.2384,80.3933,80.6883
74.2538,80.401,80.6959
74.2691,80.4088,80.7036
74.2844,80.4165,80.7112
74.2998,80.4242,80.7189
74.3151,80.4319,80.7265
74.3304,80.4396,80.7341
74.3457,80.4473,80.7417
74.3609,80.4549,80.7492
74.3762,80.4626,80.7568
74.3915,80.4702,80.7643
74.4068,80.4778,80.7719
74.422,80.4853,80.7794
74.4373,80.4929,80.7869
74.4525,80.5004,80.7944
74.4677,80.508,80.8019
74.483,80.5155,80.8093
74.4982,80.523,80.8168
74.5134,80.5304,80.8242
74.5286,80.5379,80.8316
74.5438,80.5453,80.8391
74.559,80.5528,80.8465
74.5741,80.5602,80.8538
74.5893,80.5676,80.8612
74.6045,80.5749,80.8686
74.6196,80.5823,80.8759
74.6347,80.5896,80.8833
74.6499,80.597,80.8906
74.665,80.6043,80.8979
74.6801,80.6116,80.9052
74.6952,80.6189,80.9125
74.7103,80.6261,80.9197
74.7254,80.6334,80.927
74.7405,80.6406,80.9342
74.7556,80.6478,80.9415
74.7706,80.655,80.9487
74.7857,80.6622,80.9559
74.8007,80.6693,80.9631
74.8157,80.6765,80.9703
74.8308,80.6836,80.9775
74.8458,80.6907,80.9846
74.8608,80.6978,80.9918
74.8758,80.7049,80.9989
74.8908,80.712,81.006
74.9057,80.719,81.0131
74.9207,80.7261,81.0202
74.9357,80.7331,81.0273
74.9506,80.7401,81.0344
74.9655,80.7471,81.0415
74.9805,80.7541,81.0485
74.9954,80.7611,81.0555
75.0103,80.768,81.0626
75.0252,80.7749,81.0696
75.0401,80.7819,81.0766
75.055,80.7888,81.0836
75.0698,80.7956,81.0906
75.0847,80.8025,81.0975
75.0995,80.8094,81.1045
75.1144,80.8162,81.1114
75.1292,80.8231,81.1184
75.144,80.8299,81.1253
75.1588,80.8367,81.1322
75.1736,80.8435,81.1391
75.1884,80.8502,81.146
75.2032,80.857,81.1528
75.2179,80.8637,81.1597
75.2327,80.8705,81.1666
75.2475,80.8772,81.1734
75.2622,80.8839,81.1802
75.2769,80.8905,81.187
75.2916,80.8972,81.1938
75.3063,80.9039,81.2006
75.321,80.9105,81.2074
75.3357,80.9171,81.2142
75.3504,80.9238,81.221
75.365,80.9304,81.2277
75.3797,80.9369,81.2344
75.3943,80.9435,81.2412
75.4089,80.9501,81.2479
75.4235,80.9566,81.2546
75.4381,80.9632,81.2613
75.4527,80.9697,81.268
75.4673,80.9762,81.2746
75.4819,80.9827,81.2813
75.4964,80.9891,81.288
75.511,80.9956,81.2946
75.5255,81.002,81.3012
75.54,81.0085,81.3078
75.5546,81.0149,81.3145
75.5691,81.0213,81.321
75.5835,81.0277,81.3276
75.598,81.0341,81.3342
75.6125,81.0405,81.3408
75.6269,81.0468,81.3473
75.6414,81.0532,81.3539
75.6558,81.0595,81.3604
75.6702,81.0658,81.3669
75.6846,81.0721,81.3734
75.699,81.0784,81.3799
75.7134,81.0847,81.3864
75.7278,81.0909,81.3929
75.7422,81.0972,81.3994
75.7565,81.1034,81.4058
75.7709,81.1097,81.4123
75.7852,81.1159,81.4187
75.7995,81.1221,81.4252
75.8138,81.1283,81.4316
75.8281,81.1344,81.438
75.8424,81.1406,81.4444
75.8566,81.1468,81.4508
75.8709,81.1529,81.4572
75.8851,81.159,81.4635
75.8994,81.1651,81.4699
75.9136,81.1712,81.4762
75.9278,81.1773,81.4826
75.942,81.1834,81.4889
75.9562,81.1895,81.4952
75.9703,81.1955,81.5015
75.9845,81.2016,81.5078
75.9986,81.2076,81.5141
76.0128,81.2136,81.5204
76.0269,81.2196,81.5267
76.041,81.2256,81.5329
76.0551,81.2316,81.5392
76.0692,81.2375,81.5454
76.0832,81.2435,81.5516
76.0973,81.2495,81.5579
76.1113,81.2554,81.5641
76.1254,81.2613,81.5703
76.1394,81.2672,81.5765
76.1534,81.2731,81.5826
76.1674,81.279,81.5888
76.1814,81.2849,81.595
76.1954,81.2907,81.6011
76.2093,81.2966,81.6073
76.2233,81.3024,81.6134
76.2372,81.3083,81.6195
76.2511,81.3141,81.6256
76.265,81.3199,81.6317
76.2789,81.3257,81.6378
76.2928,81.3315,81.6439
76.3067,81.3372,81.65
76.3205,81.343,81.6561
76.3344,81.3487,81.6621
76.3482,81.3545,81.6682
76.362,81.3602,81.6742
76.3758,81.3659,81.6803
76.3896,81.3716,81.6863
76.4034,81.3773,81.6923
76.4171,81.383,81.6983
76.4309,81.3887,81.7043
76.4446,81.3943,81.7103
76.4584,81.4,81.7162
76.4721,81.4056,81.7222
76.4858,81.4112,81.7282
76.4995,81.4168,81.7341
76.5131,81.4225,81.7401
76.5268,81.428,81.746
76.5405,81.4336,81.7519
76.5541,81.4392,81.7578
76.5677,81.4448,81.7637
76.5813,81.4503,81.7696
76.5949,81.4559,81.7755
76.6085,81.4614,81.7814
76.6221,81.4669,81.7873
76.6356,81.4724,81.7931
76.6492,81.4779,81.799
76.6627,81.4834,81.8048
76.6762,81.4889,81.8106
76.6897,81.4944,81.8165
76.7032,81.4998,81.8223
76.7167,81.5053,81.8281
76.7302,81.5107,81.8339
76.7436,81.5161,81.8397
76.757,81.5216,81.8455
76.7705,81.527,81.8512
76.7839,81.5324,81.857
76.7973,81.5378,81.8628
76.8107,81.5431,81.8685
76.824,81.5485,81.8743
76.8374,81.5539,81.88
76.8507,81.5592,81.8857
76.8641,81.5645,81.8914
76.8774,81.5699,81.8971
76.8907,81.5752,81.9028
76.904,81.5805,81.9085
76.9173,81.5858,81.9142
76.9305,81.5911,81.9199
76.9438,81.5964,81.9255
76.957,81.6016,81.9312
76.9702,81.6069,81.9368
76.9834,81.6121,81.9425
76.9966,81.6174,81.9481
77.0098,81.6226,81.9537
77.023,81.6278,81.9593
77.0361,81.633,81.965
77.0493,81.6382,81.9705
77.0624,81.6434,81.9761
77.0755,81.6486,81.9817
77.0886,81.6538,81.9873
77.1017,81.659,81.9929
77.1148,81.6641,81.9984
77.1278,81.6693,82.004
77.1409,81.6744,82.0095
77.1539,81.6795,82.015
77.1669,81.6846,82.0206
77.1799,81.6898,82.0261
77.1929,81.6949,82.0316
77.2059,81.6999,82.0371
77.2189,81.705,82.0426
77.2318,81.7101,82.0481
77.2448,81.7152,82.0536
77.2577,81.7202,82.059
77.2706,81.7253,82.0645
77.2835,81.7303,82.07
77.2964,81.7353,82.0754
77.3092,81.7403,82.0808
77.3221,81.7453,82.0863
77.3349,81.7504,82.0917
77.3478,81.7553,82.0971
77.3606,81.7603,82.1025
77.3734,81.7653,82.1079
77.3862,81.7703,82.1133
77.3989,81.7752,82.1187
77.4117,81.7802,82.1241
77.4245,81.7851,82.1295
77.4372,81.79,82.1348
77.4499,81.795,82.1402
77.4626,81.7999,82.1455
77.4753,81.8048,82.1509
77.488,81.8097,82.1562
77.5006,81.8146,82.1615
77.5133,81.8194,82.1669
77.5259,81.8243,82.1722
77.5385,81.8292,82.1775
77.5512,81.834,82.1828
77.5637,81.8389,82.1881
77.5763,81.8437,82.1933
77.5889,81.8485,82.1986
77.6014,81.8534,82.2039
77.614,81.8582,82.2091
77.6265,81.863,82.2144
77.639,81.8678,82.2196
77.6515,81.8726,82.2249
77.664,81.8773,82.2301
77.6765,81.8821,82.2353
77.6889,81.8869,82.2405
77.7014,81.8916,82.2458
77.7138,81.8964,82.251
77.7262,81.9011,82.2562
77.7386,81.9058,82.2613
77.751,81.9106,82.2665
77.7634,81.9153,82.2717
77.7757,81.92,82.2769
77.7881,81.9247,82.282
77.8004,81.9294,82.2872
77.8127,81.9341,82.2923
77.825,81.9387,82.2975
77.8373,81.9434,82.3026
77.8496,81.9481,82.3077
77.8619,81.9527,82.3128
77.8741,81.9574,82.3179
77.8864,81.962,82.3231
77.8986,81.9666,82.3281
77.9108,81.9712,82.3332
77.923,81.9759,82.3383
77.9352,81.9805,82.3434
77.9473,81.9851,82.3485
77.9595,81.9896,82.3535
77.9716,81.9942,82.3586
77.9837,81.9988,82.3636
77.9958,82.0034,82.3687
78.0079,82.0079,82.3737
78.02,82.0125,82.3787
78.0321,82.017,82.3838
78.0442,82.0216,82.3888
78.0562,82.0261,82.3938
78.0682,82.0306,82.3988
78.0802,82.0351,82.4038
78.0922,82.0396,82.4088
78.1042,82.0441,82.4137
78.1162,82.0486,82.4187
78.1282,82.0531,82.4237
78.1401,82.0576,82.4287
78.152,82.0621,82.4336
78.1639,82.0665,82.4386
78.1758,82.071,82.4435
78.1877,82.0754,82.4484
78.1996,82.0799,82.4534
78.2115,82.0843,82.4583
78.2233,82.0887,82.4632
78.2352,82.0932,82.4681
78.247,82.0976,82.473
78.2588,82.102,82.4779
78.2706,82.1064,82.4828
78.2824,82.1108,82.4877
78.2941,82.1152,82.4926
78.3059,82.1195,82.4974
78.3176,82.1239,82.5023
78.3293,82.1283,82.5072
78.3411,82.1326,82.512
78.3528,82.137,82.5169
78.3644,82.1413,82.5217
78.3761,82.1457,82.5265
78.3878,82.15,82.5314
78.3994,82.1543,82.5362
78.411,82.1586,82.541
78.4226,82.1629,82.5458
78.4342,82.1673,82.5506
78.4458,82.1715,82.5554
78.4574,82.1758,82.5602
78.469,82.1801,82.565
78.4805,82.1844,82.5697
78.4921,82.1887,82.5745
78.5036,82.1929,82.5793
78.5151,82.1972,82.584
78.5266,82.2014,82.5888
78.538,82.2057,82.5935
78.5495,82.2099,82.5983
78.561,82.2141,82.603
78.5724,82.2184,82.6077
78.5838,82.2226,82.6125
78.5952,82.2268,82.6172
78.6066,82.231,82.6219
78.618,82.2352,82.6266
78.6294,82.2394,82.6313
78.6407,82.2436,82.636
78.6521,82.2478,82.6407
78.6634,82.2519,82.6453
78.6747,82.2561,82.65
78.686,82.2603,82.6547
78.6973,82.2644,82.6593
78.7086,82.2686,82.664
78.7198,82.2727,82.6686
78.7311,82.2768,82.6733
78.7423,82.281,82.6779
78.7535,82.2851,82.6826
78.7647,82.2892,82.6872
78.7759,82.2933,82.6918
78.7871,82.2974,82.6964
78.7983,82.3015,82.701
78.8094,82.3056,82.7056
78.8206,82.3097,82.7102
78.8317,82.3138,82.7148
78.8428,82.3178,82.7194
78.8539,82.3219,82.724
78.865,82.326,82.7286
78.8761,82.33,82.7331
78.8871,82.3341,82.7377
78.8982,82.3381,82.7423
78.9092,82.3421,82.7468
78.9202,82.3462,82.7514
78.9312,82.3502,82.7559
78.9422,82.3542,82.7604
78.9532,82.3582,82.765
78.9641,82.3622,82.7695
78.9751,82.3662,82.774
78.986,82.3702,82.7785
78.997,82.3742,82.783
79.0079,82.3782,82.7875
79.0188,82.3822,82.792
79.0297,82.3862,82.7965
79.0405,82.3901,82.801
79.0514,82.3941,82.8055
79.0622,82.398,82.8099
79.0731,82.402,82.8144
79.0839,82.4059,82.8189
79.0947,82.4099,82.8233
79.1055,82.4138,82.8278
79.1162,82.4177,82.8322
79.127,82.4216,82.8367
79.1378,82.4256,82.8411
79.1485,82.4295,82.8455
79.1592,82.4334,82.85
79.1699,82.4373,82.8544
79.1806,82.4412,82.8588
79.1913,82.4451,82.8632
79.202,82.4489,82.8676
79.2126,82.4528,82.872
79.2233,82.4567,82.8764
79.2339,82.4605,82.8808
79.2445,82.4644,82.8852
79.2551,82.4683,82.8895
79.2657,82.4721,82.8939
79.2763,82.476,82.8983
79.2869,82.4798,82.9026
79.2974,82.4836,82.907
79.308,82.4874,82.9113
79.3185,82.4913,82.9157
79.329,82.4951,82.92
79.3395,82.4989,82.9244
79.35,82.5027,82.9287
79.3605,82.5065,82.933
79.3709,82.5103,82.9373
79.3814,82.5141,82.9416
79.3918,82.5179,82.946
79.4022,82.5217,82.9503
79.4126,82.5254,82.9546
79.423,82.5292,82.9588
79.4334,82.533,82.9631
79.4438,82.5367,82.9674
79.4541,82.5405,82.9717
79.4645,82.5442,82.976
79.4748,82.548,82.9802
79.4851,82.5517,82.9845
79.4954,82.5554,82.9888
79.5057,82.5592,82.993
79.516,82.5629,82.9973
79.5263,82.5666,83.0015
79.5365,82.5703,83.0057
79.5468,82.574,83.01
79.557,82.5777,83.0142
79.5672,82.5814,83.0184
79.5774,82.5851,83.0226
79.5876,82.5888,83.0268
79.5978,82.5925,83.0311
79.6079,82.5962,83.0352
79.6181,82.5998,83.0395
79.6282,82.6035,83.0436
79.6383,82.6072,83.0478
79.6484,82.6108,83.052
79.6585,82.6145,83.0562
79.6686,82.6181,83.0604
79.6787,82.6218,83.0645
79.6888,82.6254,83.0687
79.6988,82.629,83.0729
79.7088,82.6327,83.077
79.7189,82.6363,83.0812
79.7289,82.6399,83.0853
79.7389,82.6435,83.0894
79.7488,82.6471,83.0936
79.7588,82.6507,83.0977
79.7688,82.6543,83.1018
79.7787,82.6579,83.1059
79.7887,82.6615,83.1101
79.7986,82.6651,83.1142
79.8085,82.6687,83.1183
79.8184,82.6723,83.1224
79.8283,82.6758,83.1265
79.8381,82.6794,83.1306
79.848,82.683,83.1347
79.8578,82.6865,83.1387
79.8677,82.6901,83.1428
79.8775,82.6936,83.1469
79.8873,82.6972,83.151
79.8971,82.7007,83.155
79.9069,82.7043,83.1591
79.9166,82.7078,83.1631
79.9264,82.7113,83.1672
79.9361,82.7148,83.1712
79.9459,82.7183,83.1753
79.9556,82.7219,83.1793
79.9653,82.7254,83.1833
79.975,82.7289,83.1874
79.9847,82.7324,83.1914
79.9943,82.7359,83.1954
80.004,82.7394,83.1994
80.0136,82.7428,83.2034
80.0233,82.7463,83.2074
80.0329,82.7498,83.2114
80.0425,82.7533,83.2154
80.0521,82.7567,83.2194
80.0617,82.7602,83.2234
80.0713,82.7637,83.2274
80.0808,82.7671,83.2314
80.0904,82.7706,83.2353
80.0999,82.774,83.2393
80.1094,82.7775,83.2433
80.1189,82.7809,83.2472
80.1284,82.7843,83.2512
80.1379,82.7878,83.2551
80.1474,82.7912,83.2591
80.1569,82.7946,83.263
80.1663,82.798,83.2669
80.1757,82.8014,83.2709
80.1852,82.8048,83.2748
80.1946,82.8082,83.2787
80.204,82.8116,83.2827
80.2134,82.815,83.2866
80.2227,82.8184,83.2905
80.2321,82.8218,83.2944
80.2415,82.8252,83.2983
80.2508,82.8286,83.3022
80.2601,82.8319,83.3061
80.2694,82.8353,83.31
